titulo,ranking
The First Descendant,3
Dota 2,4
Warframe,6
Once Human,8
Black Myth: Wukong,12
Baldur's Gate 3,11
Lost Ark,23
FINAL FANTASY XIV Online,25
Fallout 76,27
Crusader Kings III,29
The Elder Scrolls¬Æ Online,32
Dark and Darker,44
„Éò„Éñ„É≥„Éê„Éº„É≥„Ç∫„É¨„ÉÉ„Éâ,31
Stardew Valley,41
Black Desert,56
THRONE AND LIBERTY,37
Cyberpunk 2077,42
Path of Exile,51
‰∏≠ÂõΩÂºèÁΩëÊ∏∏,54
Diablo¬Æ IV,45
Palworld,50
Snowbreak: Containment Zone,62
"Warhammer 40,000: Rogue Trader",76
Project Zomboid,93
Dungeonborne,88
MapleStory,105
Warframe: Colecci√≥n Legado Abrasador de Ember,49
Cyberpunk 2077: Phantom Liberty,97
Wartales,90
Hades II,102
ARK: Survival Ascended,98
Assassin's Creed¬Æ Odyssey,310
FOR HONOR‚Ñ¢,119
Terraria,129
Marvel's Midnight Suns,120
The Elder Scrolls V: Skyrim Special Edition,125
STAR WARS‚Ñ¢: The Old Republic‚Ñ¢,133
Medieval Dynasty,116
Dungeons of Hinterberg,117
Enshrouded,124
ARK: Survival Evolved,130
FINAL FANTASY XIV: Dawntrail,146
Warframe: Paquete Digital de TennoCon 2024,99
Last Epoch,137
Slay the Spire,155
Shin Megami Tensei V: Vengeance,153
Assassin's Creed¬Æ Origins,96
Pathfinder: Wrath of the Righteous - Enhanced Edition,145
Another Crab's Treasure,189
DARK SOULS‚Ñ¢ III,198
War Robots,150
Guild Wars 2,160
Fallout 4,161
Soulmask,136
SOULCALIBUR VI,177
Travellers Rest,144
Sekiro‚Ñ¢: Shadows Die Twice - GOTY Edition,176
Yaoling: Mythical Journey,172
Atomic Heart,143
Tiny Tina's Wonderlands,188
Darkest Dungeon¬Æ II,185
Monster Hunter: World,186
Hero's Land,164
Palia,244
SCUM,207
Tabletop Simulator,245
Summer Memories,218
STALCRAFT: X,201
THRONE AND LIBERTY: Paquete de acceso anticipado de Lujo,195
KINGDOM HEARTS -HD 1.5+2.5 ReMIX-,213
Hogwarts Legacy,194
Ê¥ª‰ø†ÂÇ≥,217
Pax Dei,204
Vampire Survivors,223
DAVE THE DIVER,234
Grounded,219
Blade and Sorcery,241
DARK SOULS‚Ñ¢: REMASTERED,224
Bellwright,210
Dungeonborne - Saca de mithril,237
Crusader Kings III: Tours & Tournaments,214
PGA TOUR 2K23,308
Albion Online,212
Edici√≥n Completa de Horizon Forbidden West‚Ñ¢,221
Wizard101,326
THRONE AND LIBERTY: Paquete de acceso anticipado Definitivo,231
Persona 3 Reload,267
Space Prison,222
SMITE¬Æ,262
Drug Dealer Simulator 2,215
Mount & Blade II: Bannerlord,251
Torchlight: Infinite,256
DRAGON BALL XENOVERSE 2,290
Age of Wonders 4,242
Summoners' War: Sky Arena,181
Dragon's Dogma 2,258
Winter Memories,266
Metal Slug: Awakening,281
REMNANT II¬Æ,300
Starfield,257
RuneScape ¬Æ,293
New World,271
Assassin‚Äôs Creed¬Æ IV Black Flag‚Ñ¢,162
Limbus Company,330
Sky: Ni√±os de la Luz,335
IdleOn - The Idle RPG,306
DREDGE,337
S.T.A.L.K.E.R. 2: Heart of Chornobyl,272
Hades,301
Phantasy Star Online 2 New Genesis,320
"Warhammer 40,000: Rogue Trader - Season Pass",325
Russian Fishing 4,294
Granblue Fantasy: Relink,388
Conan Exiles,295
Crusader Kings III: Royal Court,331
The Witcher 3: Wild Hunt,311
"Wartales, Pirates of Belerion",351
ÂãæÂÖ´ÁãÇÊÉ≥Êõ≤,393
The Last Spell,364
Divinity: Original Sin 2 - Definitive Edition,343
MONSTER HUNTER RISE,398
Summoners' War: Chronicles,431
The Elder Scrolls V: Skyrim Anniversary Upgrade,399
Rabbit and Steel,504
The Isle,414
Flintlock: The Siege of Dawn,332
Monster Hunter World: Iceborne,372
God of War,425
Persona 5 Royal,498
SMITE 2,345
Maneater,415
EA SPORTS‚Ñ¢ PGA TOUR‚Ñ¢,470
NosTale - Anime MMORPG,235
‰∏âÂõΩÊùÄ,374
Summer Memories+ - Expansion DLC,450
The Legend of Heroes: Trails through Daybreak,435
Gunfire Reborn,493
ARK: Bob's Tall Tales,365
Fallout: New Vegas,427
Firestone: Online Idle RPG,348
Slay the Princess,454
DC Universe‚Ñ¢ Online,796
UNDECEMBER,734
Angel Tear: Goddess Betrayed,409
Smalland: Survive the Wilds,407
Warspear Online,447
Shop Titans,416
Sun Haven,457
Barony,518
Total War: WARHAMMER,488
System Shock,478
Crusader Kings III: Legacy of Persia,419
Coral Island,400
Living With Sister: Monochrome Fantasy,442
Dusk Pub,430
Shadows of Doubt,468
Game of Thrones Winter is Coming,545
The Hungry Lamb: Traveling in the Late Ming Dynasty,489
Colony Ship: A Post-Earth Role Playing Game,423
Crusader Kings III: Legends of the Dead,389
Assassin's Creed Valhalla,471
The Binding of Isaac: Repentance,481
Wartales - The Tavern Opens!,473
Ravenswatch,513
Star Trek Online,472
New World: Rise of the Angry Earth,486
Lies of P,480
The Sims‚Ñ¢ 3,439
My Time at Sandrock,500
For The King II,558
STAR WARS Jedi: Survivor‚Ñ¢,546
Warhammer: Vermintide 2,491
Disco Elysium - The Final Cut,670
Old School RuneScape,772
The Outer Worlds,482
Crusader Kings III: Roads to Power,460
Class of '09: The Re-Up,704
Shogun Showdown,566
Tom Clancy‚Äôs The Division¬Æ 2,642
Undertale,528
Noita,515
Big Ambitions,452
Minecraft Dungeons,539
Action Taimanin,410
Êòü‰πãÁøº,563
Night of the Dead,557
Castle Crashers¬Æ,645
Class of '09,735
Wayfinder,538
Rust - Voice Props Pack,577
Elite Dangerous,567
Library Of Ruina,687
The Elder Scrolls Online: Gold Road,561
Tom Clancy‚Äôs The Division‚Ñ¢,597
Yu-Gi-Oh! Duel Links,536
Trove,706
Kingdom Come: Deliverance,519
Grim Dawn,530
FINAL FANTASY VII REMAKE INTERGRADE,643
‰∏ã‰∏ÄÁ´ôÊ±üÊπñ‚Ö°,596
The Riftbreaker,560
Myth of Empires,595
Darkest Dungeon¬Æ,698
Death's Door,608
Dice & Fold,463
Evil West,600
DARK SOULS‚Ñ¢ II: Scholar of the First Sin,533
Dungeons & Dragons Online¬Æ,548
Realm of the Mad God Exalt,565
Marvel‚Äôs Spider-Man: Miles Morales,492
Bolsa para principiantes de la de la expansi√≥n - Guild Wars 2: Heart of Thorns‚Ñ¢ y Path of Fire‚Ñ¢,655
Eastward,571
For The King,613
ARK: Genesis Season Pass,599
Neverwinter,695
Baldur's Gate 3 - Digital Deluxe Edition DLC,588
Warframe: Paquete de Accesorios de Protea Prime,690
OMORI,712
OCTOPATH TRAVELER II,694
TUNIC,723
PAYDAY 3,636
State of Decay 2: Juggernaut Edition,573
March of Empires,594
The Ascent,629
Banishers: Ghosts of New Eden,564
Angel Legion,766
Darkest Dungeon¬Æ II: The Binding Blade,647
Metaphor: ReFantazio,774
Mass Effect‚Ñ¢ Legendary Edition,725
RAID: Shadow Legends,793
Foxhole,624
Â±±Ê≤≥ÊóÖÊé¢ - Murders on the Yangtze River,711
KAKU: Ancient Seal,689
Rust - Sunburn Pack,693
Warframe: Prime Access de Protea - Paquete de Armas,585
Clanfolk,628
Like a Dragon: Infinite Wealth,614
Death Must Die,646
DRAGON QUEST XI S: Ecos de un pasado perdido ‚Äì Edici√≥n definitiva,790
Caves of Qud,692
EVE Online,1156
Undawn,885
Lords Mobile,684
Kenshi,818
Fallout Shelter,733
Len's Island,781
Ë∂ÖÁ∫ßÊòüÊé¢,743
Crestfallen: Medieval Survival,627
Brotato,722
Doomsday: Last Survivors,1005
Minishoot' Adventures,697
È¨ºË∞∑ÂÖ´Ëçí Tale of Immortal,874
Horizon Zero Dawn‚Ñ¢ Complete Edition,673
The Lord of the Rings Online‚Ñ¢,841
Idle Champions of the Forgotten Realms,749
DRAGON BALL Z: KAKAROT,644
Crusader Kings III: Northern Lords,775
TaleSpire,1028
Chinese Parents,844
ROMANCE OF THE THREE KINGDOMS XIV,621
No Rest for the Wicked,792
Dustland Delivery,800
Nightingale,758
The Elder Scrolls V: Skyrim VR,927
Quasimorph,1026
Battle Brothers,924
Wandering Sword,770
Vampire Survivors: Operation Guns,808
XCOM¬Æ 2,767
We Who Are About To Die,952
Dragonheir: Silent Gods,1019
ÁæéÂ•≥ÔºåËØ∑Âà´ÂΩ±ÂìçÊàëÂ≠¶‰π†,798
Ancestors: The Humankind Odyssey,797
Mortal Online 2,1006
Tunguska: The Visitation - Enhanced Edition,825
Time Break Chronicles,883
ASTRA: Knights of Veda,652
ARK Fantastic Tames - Pyromane,839
Dinkum,859
Trine 4: The Nightmare Prince,854
"Warhammer 40,000: Rogue Trader - Deluxe Pack",847
The Coffin of Andy and Leyley,980
Middle-earth‚Ñ¢: Shadow of War‚Ñ¢,814
SKALD: Against the Black Priory,821
WolfQuest: Anniversary Edition,973
Â§ß‰æ†Á´ãÂøó‰º†,913
NARUTO TO BORUTO: SHINOBI STRIKER,983
KINGDOM HEARTS III + Re Mind (DLC),789
Monster Hunter Stories,745
Â≠êÂΩí - Blossom,975
3on3 FreeStyle: Rebound,1108
Tiny Tina's Wonderlands: Shattering Spectreglass,1029
Crusader Kings III: Fate of Iberia,866
Astral Party,732
Tiny Tina's Wonderlands: Glutton's Gamble,1056
Tiny Tina's Wonderlands: Coiled Captors,1058
Love Is All Around,939
Tiny Tina's Wonderlands: Molten Mirrors,1060
Horticular,869
Crusader Kings III: Wards & Wardens,853
Nevergrind Online,1050
The Elder Scrolls IV: Oblivion¬Æ Game of the Year Edition,918
Peglin,868
Persona 3 Reload: pase de expansi√≥n,1116
DRAGON QUEST III HD-2D Remake,1095
Azure Orphanage,804
Wildermyth,961
Crow Country,1197
I Am Future: Cozy Apocalypse Survival,902
Gloomhaven,1080
Fable Anniversary,1069
Lote Tesoros perdidos de Fallout 76: Skyline Valley,881
Melvor Idle,994
Fallout 3: Game of the Year Edition,972
Vampyr,990
Darkwood,1090
RPG Maker MZ,1459
STAR WARS‚Ñ¢ - The Force Unleashed‚Ñ¢ Ultimate Sith Edition,1102
Mad Max,1049
BLEACH Brave Souls,756
Sea of Stars,1183
ASTLIBRA Revision,1206
Assassin's Creed¬Æ Unity,1066
Cryptmaster,1141
Soulstone Survivors,1027
Dungeon Alchemist,919
ÁîµÁ´ûÊïôÁà∂,1122
Pax Dei: Artisan to Master Upgrade Pack,1013
Vampire Survivors: Emergency Meeting,1100
Genome Guardian,889
Cyber Knights: Flashpoint,989
Chrono Ark,948
NARUTO SHIPPUDEN: Ultimate Ninja STORM 3 Full Burst HD,1339
The Sinking City,1065
Afterimage,1031
Warframe: Prime Access de Protea - Paquete Prime,996
"Warhammer 40,000: Mechanicus",809
Mr. Prepper,1039
CounterSide,1304
Ëã±ÈõÑÈÅìÂúãÈöõÊúç,951
Rotwood,958
NieR:Automata‚Ñ¢,1222
Visions of Mana,857
Kingdom Two Crowns,1024
Rust - Instruments Pack,1112
Black Myth: Wukong Mejora a edici√≥n Deluxe,1252
Fae Farm,862
South Park‚Ñ¢: The Fractured But Whole‚Ñ¢,1484
ONE PIECE: PIRATE WARRIORS 4,1081
DARK SOULS‚Ñ¢ II,1129
Absolver,1093
Potion Craft: Alchemist Simulator,1062
Riviera: The Promised Land,1194
Persona 4 Golden,1008
Might & Magic¬Æ Heroes¬Æ VII,979
Moonstone Island,1617
Graveyard Keeper,875
KRITIKA:ZERO,1278
USC: Counterforce,1061
The Last Spell - Dwarves of Runenberg,1082
Across The Obelisk: Sands of Ulminin,1446
Soulash 2,1221
PlanetSide 2,0
STAR WARS‚Ñ¢ Knights of the Old Republic‚Ñ¢,1305
Solasta: Crown of the Magister,1373
Spirit of the Island,1147
Rise of the Tomb Raider‚Ñ¢,1097
Eiyuden Chronicle: Hundred Heroes,1621
‰∏úÊñπÂ§úÈõÄÈ£üÂ†Ç - Touhou Mystia's Izakaya,1384
Dark Deception,1464
Aliens: Fireteam Elite,1284
S.T.A.L.K.E.R.: Shadow of Chernobyl,1016
Wildmender,1176
Mortal Sin,1493
ENDER MAGNOLIA: Bloom in the Mist,1251
Warframe: Paquete Coro de Jade,1216
Crusader Kings II,1052
Forager,1282
Magical Girl Celesphonia,1306
Gladiator Guild Manager,1137
Our Adventurer Guild,1297
Elite Dangerous: Odyssey,1839
Stay Out,1336
Idle Slayer,1524
Monster Hunter Rise: Sunbreak,1586
Vagrus - The Riven Realms,1399
Stoneshard,1134
TROUBLESHOOTER: Abandoned Children,1439
ÊâãÂäûÂÜíÈô©Âõ¢,942
ËßÖÈïøÁîü,1334
Maneater: Truth Quest,1256
Tower of Fantasy,1071
Crusader Kings III: Friends & Foes,1146
Cassette Beasts,1408
Assassin's Creed¬Æ III Remastered,715
FINAL FANTASY VI,1415
STAR WARS‚Ñ¢: The Force Unleashed‚Ñ¢ II,1451
Seablip,1203
Yakuza 0,1322
ARK: Scorched Earth - Expansion Pack,1170
The Outer Worlds: Spacer's Choice Edition,1433
ARK: Aberration - Expansion Pack,1164
Princess Project,1127
In Stars And Time,1663
ARK: Extinction - Expansion Pack,1187
Dragon Age: Origins - Ultimate Edition,1510
Dokapon Kingdom: Connect,2015
Lords of the Fallen,867
Ember Knights,1701
DREDGE - The Pale Reach,1573
Ultimate Admiral: Dreadnoughts,1149
STAR WARS Jedi: La Orden ca√≠da‚Ñ¢,1094
Vampire Survivors: Tides of the Foscari,1428
Just Cause‚Ñ¢ 3,1661
Fate/Samurai Remnant,1631
Rival Stars Horse Racing: Desktop Edition,1343
Uncharted Waters Origin,1042
El Reino Robado,1144
Life Makeover,1924
Pathfinder: Kingmaker ‚Äî Enhanced Plus Edition,1526
Canvas of Kings,1344
Èæô‰πãË∞∑,1178
Fahrenheit: Indigo Prophecy Remastered,1419
Maniac,1423
Remnant II¬Æ - The Forgotten Kingdom,1810
Pax Dei: Journeyman to Artisan Upgrade Pack,1620
Outward Definitive Edition,2331
Dishonored,1612
Magical Delicacy,1262
RPG Maker MV,2871
Suzerain,1330
Bloodstained: Ritual of the Night,1690
Vampire Survivors: Legacy of the Moonspell,1541
Remnant: From the Ashes,1517
Baldur's Gate: Enhanced Edition,1555
Astrea: Six-Sided Oracles,1429
OCTOPATH TRAVELER‚Ñ¢,1567
Lost Eidolons,1117
Monster Hunter Stories 2: Wings of Ruin,1407
Dread Delusion,1375
Nioh 2 ‚Äì The Complete Edition,1556
Starbound,1355
The Dungeon Of Naheulbeuk: The Amulet Of Chaos,1249
The Riftbreaker: Heart of the Swamp,1299
Gunfire Reborn - Artisan and Magician,1456
The Expanse: A Telltale Series,1553
Munchkin Digital,1162
Expansi√≥n Guild Wars 2: End of Dragons,1502
Volcano Princess,1498
Sengoku Dynasty,1171
GWENT: The Witcher Card Game,1376
Little-Known Galaxy,1543
Pathfinder: Wrath of the Righteous - A Dance of Masks,1578
Orcs Must Die! 2,1383
Tainted Grail: The Fall of Avalon,1590
Expansi√≥n Guild Wars 2: Janthir Wilds‚Ñ¢,1397
Attack on Titan 2 - A.O.T.2,1436
Dragon Age‚Ñ¢ Inquisition,1474
RoboCop: Rogue City,1650
Hellsplit: Arena,2081
Command & Conquer‚Ñ¢ Generals ,1365
KeeperRL,1271
Command & Conquer Red Alert‚Ñ¢ 2 and Yuri‚Äôs Revenge‚Ñ¢,1369
Dungeons of Sundaria,1345
Command & Conquer‚Ñ¢ Generals Zero Hour,1379
Union of Gnomes,1392
"Command & Conquer Red Alert‚Ñ¢, Counterstrike‚Ñ¢ and The Aftermath‚Ñ¢",1382
Yet Another Zombie Survivors,1465
Tiny Rogues,1518
STAR WARS‚Ñ¢ Knights of the Old Republic‚Ñ¢ II - The Sith Lords‚Ñ¢,1877
Warframe: Paquete Cr√≥nicas de Dante,1786
Grim Dawn - Ashes of Malmouth Expansion,1412
Dungeon Defenders,1819
Arma 3 Apex,1789
Old World - Wonders and Dynasties,1473
Knight Online,1265
Wizard of Legend,2531
Far Cry 3,1491
Hero Siege,1675
Expansi√≥n Guild Wars 2: Secrets of the Obscure‚Ñ¢,1703
Taboo Trial,1525
Shakes and Fidget,1324
Kindergarten 2,1879
Dark Deception Complete,1996
Stardeus,1390
Enishia and the Binding Brand,1550
Mount & Blade: Warband,1468
DYNASTY WARRIORS 8: Xtreme Legends Complete Edition,1907
SurrounDead,1646
ÊöñÈõ™ Warm Snow,1632
Grim Dawn - Forgotten Gods Expansion,1536
Pixel Descent,1500
Town of Salem 2,2071
CHRONO TRIGGER¬Æ,1659
SunnySide,1521
Tactics Ogre: Reborn,2259
METAL SLUG ATTACK RELOADED,1723
Watch_Dogs‚Ñ¢,1740
Lost Ark: Paquete de inicio Definitivo,1641
Caribbean Legend,1522
South Park‚Ñ¢: The Stick of Truth‚Ñ¢,1762
Everafter Falls,1808
The Imperial Gatekeeper,1722
Lost Ark: Paquete de aceleraci√≥n,2457
The Thaumaturge,1820
Conan Exiles: Isle of Siptah,1771
Halls of Torment,1649
Jagged Alliance 3,1673
Starcom: Unknown Space,1859
Gotham Knights,2182
State of Survival,2016
Gunfire Reborn - Visitors of Spirit Realm,1934
The Elder Scrolls III: Morrowind¬Æ Game of the Year Edition,1937
Elsword,3025
The Binding of Isaac,1798
Tomb Raider,1671
Wildermyth - Camino de augurios,1994
Internet Cafe & Supermarket Simulator 2024,1283
VALKYRIE CONNECT,1342
Secrets of Grindea,1915
Toram Online,1596
Titan Quest Anniversary Edition,1425
Craftopia,1496
Denizen,1908
Sacred XÔºöHeavens Wonderland,2125
Heroes¬Æ of Might & Magic¬Æ III - HD Edition,1214
Fantasy Grounds Unity,1818
Pathfinder: Wrath of the Righteous - Commander Pack,1657
kings call,1964
FINAL FANTASY IX,2083
OUTRIDERS,1640
Shadowverse CCG,1244
EverQuest II,3913
HumanitZ,1604
Dead Frontier 2,1583
Great Houses of Calderia,1598
Warhammer: End Times - Vermintide,1686
Drive Me Crazy,1629
Fallout 4 Far Harbor,1938
Lunacid,1784
The Outer Worlds: Asesinato en Er√≠dano,2032
Wasteland 3,2223
FINAL FANTASY XV WINDOWS EDITION,1557
Far Cry¬Æ 4,1594
Inkbound,1452
Slice & Dice,2005
Pillars of Eternity II: Deadfire,2284
Divinity: Original Sin - Enhanced Edition,1394
The Outer Worlds: Peligro en Gorgona,2045
Cyber Manhunt 2: New World - The Hacking Simulator,1753
FINAL FANTASY X/X-2 HD Remaster,1559
Romance of the Three Kingdoms XIII,1705
Space Prison - Supporter Pack,1566
Blood Bowl 3,1626
Heartbound,2149
The Walking Dead: Saints & Sinners,3559
Cavalry Girls ÈìÅÈ™ëÂ∞ëÂ•≥,1709
To Be or Not to Be,1967
Felvidek,1849
Trine 5: A Clockwork Conspiracy,1479
Survive the Nights,1850
FINAL FANTASY V,2008
Bloobs Adventure Idle,1848
Warframe: Paquete de Poder Inicial,1562
Viking Rise: Valhalla,1734
Eastward - Octopia,1704
Zero Division,2078
"Dwarves: Glory, Death and Loot",1981
Bless Unleashed,2226
Magicka 2,2722
Kingdoms of Amalur: Re-Reckoning,2067
Call of Cthulhu¬Æ,1960
NieR Replicant‚Ñ¢ ver.1.22474487139...,2023
DAVE THE DIVER Digital Extra,1804
The Wild Eight,1769
MythForce,1975
Monster Train,2117
Saints Row: The Third,2571
TRIANGLE STRATEGY,2207
WitchSpring R,2689
Exanima,1959
HELLCARD,2446
Honkai Impact 3rd,1347
CODE VEIN,2756
All Quiet in the Trenches,1999
Deluxe Edition de Mass Effect‚Ñ¢: Andromeda,2050
Darkest Dungeon¬Æ: The Crimson Court,2157
Êí©Â¶πÊ®°ÊãüÂô®ÔºöÊ∏£Áî∑ÁöÑÁßòÂØÜ,1744
Snufkin: La melod√≠a del Valle Moomin,1674
Little Witch in the Woods,2186
Prey,1802
For The King: Lost Civilization Adventure Pack,1902
KINGDOM HEARTS HD 2.8 Final Chapter Prologue,3487
Dead Rising¬Æ 2,2368
FAIRY TAIL,2888
Ryse: Son of Rome,1867
Ori and the Blind Forest,1565
Remnant II¬Æ - The Awakened King,2112
"Warhammer 40,000: Rogue Trader - Voidfarer Pack",2161
WORLD OF HORROR,2092
Changed,2233
Yakuza: Like a Dragon,3963
OneShot,2025
Love n Life: Lucky Teacher,1750
Vampire: The Masquerade - Bloodlines,2170
Sons of Valhalla,2037
ÈªÑÊØõÊºÇÊµÅËÆ∞,2269
Atelier Resleriana: Forgotten Alchemy and the Polar Night Liberator,1637
‰∏úÊñπÂÖâËÄÄÂ§ú ~ Lost Branch of Legend,2390
Streets of Rogue,2562
Dead Rising 3 Apocalypse Edition,2184
No One Survived,2240
MARVEL Puzzle Quest,1564
The Division 2 - One time offer Wrapped Pack (2024),1998
Rogue Legacy 2,1679
FINAL FANTASY IV,2085
BOOK OF HOURS,1989
Ambrosia,2060
‰∏ã‰∏ÄÁ´ôÊ±üÊπñ‚Ö°-DLC„ÄäÊ±üÊπñÂ¶ÇÊ¢¶„Äã,1811
Kristala,1441
Ctrl Alt Ego,1724
STAR OCEAN THE SECOND STORY R,2569
NGU IDLE,2552
"Warhammer 40,000: Inquisitor - Martyr",2844
FINAL FANTASY XII THE ZODIAC AGE,2098
Pixel Starships,3481
BATTLETECH,3430
Worldless,2171
Gems of War - Puzzle RPG,1834
Barony: Legends & Pariahs,2337
Idling to Rule the Gods,2241
DYSMANTLE,2243
FINAL FANTASY,2248
Baldur's Gate II: Enhanced Edition,2981
Battle Brothers - Blazing Deserts,2514
Idle Fishing,2563
Old World - Behind the Throne,2029
Hero Zero - Multiplayer RPG,1843
Holdfast: Nations At War,2109
Achilles: Legends Untold,1971
Far Cry¬Æ Primal,1978
Áªù‰∏ñÂ•ΩÊ≠¶Âäü The Matchless KungFu,2516
SEGA Mega Drive and Genesis Classics,2176
SPORE‚Ñ¢ Creepy & Cute Parts Pack,2047
There Is No Game: Wrong Dimension,1963
Heroes of Hammerwatch,1948
Fallout Tactics: Brotherhood of Steel,1906
Soulworker,1951
FINAL FANTASY VII,2334
Dragon's Dogma: Dark Arisen,2687
The Legend of Heroes: Trails in the Sky,2505
Assassin's Creed¬Æ Syndicate,1822
Symphony of War: The Nephilim Saga,2705
Barony: Myths & Outcasts,2204
Terra Memoria,2444
My Time at Sandrock - Monster Whisperer,2261
Eastshade,2527
ÁÅ´ÁÑ∞ÂæÅÁ®ã,2541
Wedding Witch,1993
Harvest Moon: The Winds of Anthos,2607
STORY OF SEASONS: A Wonderful Life,2354
Ëã±ÈõÑ‰ºùË™¨ Èªé„ÅÆËªåË∑°‚Ö° -CRIMSON SiN-,2046
Assassin‚Äôs Creed¬Æ Brotherhood,2336
Back to the Dawn,2220
Miss Neko: Pirates,2298
Âú£Â•≥ÊàòÊóó Banner of the Maid,2296
The Bridge Curse Road to Salvation,1914
Neverwinter Nights: Enhanced Edition,2642
SD GUNDAM G GENERATION CROSS RAYS,2743
Dragon Age II: Ultimate Edition,2369
Potionomics,3584
The Ascent - Cyber Heist,2348
The friends of Ringo Ishikawa,2373
Black Book,2290
Middle-earth‚Ñ¢: Shadow of Mordor‚Ñ¢,2400
EVERSPACE‚Ñ¢ 2,2703
Turnip Boy Commits Tax Evasion,2592
Orcs Must Die!,2097
Ooblets,2180
ÊÄªË£Å‰Ω†ÊÉ≥ÂíåË∞ÅË∞àÊÅãÁà±,2133
Â•≥‰ºò! Á¶ª‰∏çÂºÄÈÇ£‰∏™Ê≥≥Ê±†‰∫ÜÔºÅ,2039
Roots of Pacha,2080
The Legend of Heroes: Trails into Reverie,2512
Will To Live Online,2389
Scarlet Hollow,2667
FINAL FANTASY III,2305
STRANGER OF PARADISE FINAL FANTASY ORIGIN,2225
FINAL FANTASY¬Æ XIII,2547
At Dead Of Night,3422
Warframe: Colecci√≥n Sanctum,2187
The Witcher 2: Assassins of Kings Enhanced Edition,2196
Dead Island Definitive Edition,2142
The Bloodline,2279
STAR WARS‚Ñ¢ Jedi Knight - Jedi Academy‚Ñ¢,2455
Xanadu Land,6797
Waven,2483
Magic Research 2,2806
Medieval Dynasty - Official Guide,2428
Swords & Souls: Neverseen,2921
Star Trek Timelines,3898
Chained Echoes,1905
Tales & Tactics,2293
Portal Knights,2838
Solasta: Crown of the Magister - Palace of Ice,3467
Blade Prince Academy,2608
SPORE‚Ñ¢ Galactic Adventures,2103
Expansion - Europa Universalis IV: Emperor,1947
artesan√≠a m√°gica Magicraft,1779
Ashen Empires,3715
My Special Summer Vacation 2,2704
Atelier Ryza 2: Lost Legends & the Secret Fairy,1227
DARK SOULS‚Ñ¢ III - The Ringed City‚Ñ¢,2740
Phoenix Point,2807
Legend of Grimrock 2,2234
Warframe: Paquete de Iniciaci√≥n de Armas,2268
Demons Roots,2816
Yakuza Kiwami,3311
SCARLET NEXUS,7576
Necesse,2538
Suzerain: Kingdom of Rizia,2302
‰∏âÂõΩÁæ§Ëã±‰º†8 (Kingdom Heroes 8),2836
Heads Will Roll: Reforged,3174
Hobo: Tough Life,2546
Shovel Knight: Treasure Trove,2628
Relic Space,2780
20 Minutes Till Dawn,2203
FINAL FANTASY II,2963
FINAL FANTASY VIII - REMASTERED,2408
Mr.Mine,2675
Moonlighter,2770
Runes of Magic,3258
ÊúàÂúÜ‰πãÂ§ú (Night of Full Moon),3274
Vampire Hunters,2818
Crusader Kings III Content Creator Pack: North African Attire,2271
EverQuest,2141
Pathfinder: Wrath of the Righteous - The Last Sarkorians,3039
Nordic Ashes: Survivors of Ragnarok,2380
Champions Online,3942
SAS: Zombie Assault 4,2750
"Warhammer 40,000: Chaos Gate - Daemonhunters",2275
"Across the Obelisk: Amelia, the Queen",2810
Craft The World,2990
Iratus: Lord of the Dead,2587
Don't Die In The West ü§†,2510
Fallout 4 Nuka-World,3018
Withering Rooms,2738
LoveChoice Êã£Áà±,2519
My Time at Portia,2358
Let's Go! My Harem Farm,2411
Pathologic 2,4389
PropHunter,2848
Kingdom Rush - Tower Defense,2965
Gears Tactics,2382
CRISIS CORE ‚ÄìFINAL FANTASY VII‚Äì REUNION,4938
Bear and Breakfast,2936
Pathfinder: Wrath of the Righteous - The Lord of Nothing,2859
Old World - Pharaohs of the Nile,2476
The Witcher 3: Wild Hunt - Blood and Wine,2656
The Last Flame,2357
Clicker Heroes,2183
Crown Wars: The Black Prince,3822
9 Days,2742
Tom Clancy‚Äôs Splinter Cell Blacklist,2588
Potion Permit,3167
Melvor Idle: Into the Abyss,2653
Card Quest,2020
Super Robot Wars 30,2938
Munchkin Digital - Clerical Errors,2222
First Dwarf,2270
Heroes of Might & Magic V,2308
The Riftbreaker: Into The Dark,2497
Nine Parchments,2971
Armello,3243
Kingdom Rush Origins - Tower Defense,2586
Ideology in Friction,2772
Prototype 2,2622
Amazing Cultivation Simulator,2421
Parking Tycoon: Business Simulator,2517
Across The Obelisk: The Wolf Wars,2940
Dwarven Realms,2533
Granblue Fantasy: Relink - Set de expansi√≥n de personaje: Tueyen,2840
RPG MO,2249
Strike Force Heroes,2651
Small Saga,3648
Spiral Knights,4847
Echocalypse: The Scarlet Covenant,2449
Battle Brothers - Warriors of the North,3256
Battle Brothers - Beasts & Exploration,3212
Gloomhaven - Jaws of the Lion,2686
West of Loathing,4241
State of Decay: YOSE,2917
Wo Long: Fallen Dynasty,2307
UnderRail,2796
Children of Morta,2619
Fading Afternoon,2605
Trine 2: Complete Story,2417
Shadow Gambit: The Cursed Crew,2252
The Witcher: Enhanced Edition Director's Cut,2627
Lost Ark: Paquete de inicio Esencial,2845
ÂãæÂÖ´È∫ªÂ∞Ü(J8 Mahjong),3037
Cross Blitz,3392
Tap Ninja - Idle game,2902
Love Is All Around-Love In The Room,2985
Dungeons of Blood and Dream,3036
Warframe: Prime Access de Protea - Paquete Completo,2699
Cuisineer,2875
Gothic 1,2857
NEOGEO POCKET COLOR SELECTION Vol. 1 Steam Edition,2392
Baladins,2949
Blood West,2827
SpaceBourne 2,2874
Growing Up,3589
Granblue Fantasy: Relink - Set de expansi√≥n de personaje: Sandalf√≥n,2631
Fury Unleashed,2773
DRAGON QUEST BUILDERS‚Ñ¢ 2,3604
Bounty of One,2491
Sword Art Online: Fatal Bullet,3964
ÂêçÂà©Ê∏∏Êàè,2611
Sheryl ~The Alchemist of the Island Ruins~,3280
Valkyria Chronicles 4 Complete Edition,3435
World Of Robots,0
The Ranch of Rivershine,3268
Treasure Hunter Claire,2797
Shadows Over Loathing,3875
Fallout 2: A Post Nuclear Role Playing Game,3055
Onmyoji,3370
Rune Factory 5,3570
Drakensang Online,2423
Cyber Manhunt,3081
LISA: The Painful,3173
Rise of Gun,2710
Shop Legends,0
Succumate,2485
Fallout 4 - Automatron,3360
Temtem,3602
Pathless Woods,3152
ÊöñÈõ™ Warm Snow - Áªà‰∏ö,2869
Return From Core,3168
Neon Abyss,3581
Super Dark Deception,3132
SpellForce: Conquest of Eo,3065
Grim Dawn - Crucible Mode DLC,2789
Karos,4876
The Legend of Heroes: Kuro no Kiseki,3700
Hero's Hour,3003
Robin Hood - Sherwood Builders,2443
Terra Randoma,3609
Tales of the Black Forest,3235
Âäç‰ø†ÔºéÈ¢®Â°µÊàÄÊõ≤,2595
Mr. Prepper - Animal Farm DLC,2961
Incremental Cubes,0
The Legend of Heroes: Trails of Cold Steel,4807
The Legend of Heroes: Trails in the Sky SC,4345
S.T.A.L.K.E.R.: Call of Pripyat,3340
ENDLESS‚Ñ¢ Legend,3706
Storage Hustle,3743
Romancing SaGa 2: Revenge of the Seven,2087
Dungeon's Legion,2370
Tales from the Borderlands,3902
Alien Hominid Invasion,4468
Snail Simulator,3872
Okami HD,4639
Chrono Ark - Summer Twilight,2720
Succubus Affection,2884
‰∫∫È≠Ö,2698
Cogmind,2645
Crypt of the NecroDancer,3169
Spellstone,3148
Persona 5 Tactica,3525
Â§ß‰æ†Á´ãÂøó‰º†ÔºöÁ¢ßË°Ä‰∏πÂøÉ - DLC,3099
Darkest Dungeon¬Æ: The Color Of Madness,3480
Fallout: A Post Nuclear Role Playing Game,4022
Wandering Sword - Mount Pack: Majestic Steeds,3007
Monster Rancher 1 & 2 DX,4778
The Brew Barons,3948
Hellsweeper VR,7742
Demeo,4611
Into the Breach,2681
Watch Dogs¬Æ: Legion,2573
Ê¢¶ÁÅØËä± Noctuary,4324
Detective Girl of the Steam City,3549
Melvor Idle: Atlas of Discovery,3457
Trine 3: The Artifacts of Power,3277
Shinobi Warfare,2526
Legendary Tales,2907
The Riftbreaker: Metal Terror,3000
Talisman: Digital Edition,3324
M.A.S.S. Builder,0
Feign,3030
NEOGEO POCKET COLOR SELECTION Vol.2,3470
I Was a Teenage Exocolonist,3240
Farmer's Dynasty,2670
Dungeon Fighter Online,4449
Zoria: Age of Shattering,4920
Tree of Savior (English Ver.),4211
The Legend of Heroes: Trails from Zero,3354
Cartel Tycoon,3328
Etrian Odyssey HD,4950
Terminator: Resistance,2297
MergeCrafter,4039
Melvor Idle: Throne of the Herald,3454
The Guild 3,2475
Fallout 4 VR,2001
My Life as a Cult Leader,3087
Dying Light 2 Stay Human: The Walking Dead Bundle,2602
ÊÄ¶ÁÑ∂ÂøÉÂä®ÁöÑÂ•π‰ª¨,2967
MIR4,0
Granblue Fantasy: Relink - Set de expansi√≥n de personaje: Seof√≥n,3417
ÂΩºÊñπÁöÑÂ•π-Aliya,3410
"Yes, Your Grace",3293
King Arthur: Legion IX,4051
Dungeon Full Dive: Game Master Edition,3633
ËÅåÂú∫ÊµÆÁîüËÆ∞ Office Life,3194
Learn Japanese RPG: Hiragana Forbidden Speech,4004
Tyranny,3378
Alaloth: Champions of The Four Kingdoms,3874
To the Moon,2935
Baldur's Gate: Dark Alliance,4583
Pray Game,2671
Titan Quest: Eternal Embers,3057
Deus Ex: Mankind Divided,3540
Conan Exiles - Debaucheries of Derketo Pack,3440
Old World - Heroes of the Aegean,3407
Death's Gambit: Afterlife,2522
The Witcher 3: Wild Hunt - Hearts of Stone,3149
Gauntlet‚Ñ¢ Slayer Edition,3804
The Walking Dead: Saints & Sinners - Chapter 2: Retribution,4061
STORY OF SEASONS: Pioneers of Olive Town,2567
Nuclear Throne,3580
Darkest Dungeon¬Æ: The Shieldbreaker,3722
PAYDAY 2: Hostile Takeover Heist,3889
Dark Messiah of Might & Magic,3579
FreestyleFootball R,3412
Dragon Is Dead,3356
AdventureQuest 3D,2974
FATE,4136
Grim Dawn - Steam Loyalist Items Pack 3,3993
Expeditions: Rome,3221
Darksiders III,6088
Ostranauts,3189
RIFT,2801
Wizardry: Proving Grounds of the Mad Overlord,2316
Pillars of Eternity,2724
‰æ†ÂÆ¢È£é‰∫ë‰º†(Tale of Wuxia),3627
Sid Meier's Pirates!,3108
Fae Farm: Skies of Azoria,3281
Ancient Dungeon,2482
WolfQuest Anniversary - Hellroaring Mountain,3984
Tape to Tape,3325
Punch Club 2: Fast Forward,3091
In Search Of You,3601
Planescape: Torment: Enhanced Edition,0
Yggdra Union,4142
ATLAS,2899
Stardew Valley Soundtrack,3238
Lakeburg Legacies,3647
Mass Effect 3 - Edici√≥n Digital Deluxe (2012),3836
The Lamplighters League,2570
Myth of Empires - Hellenic Civilization Pack,2771
Tiny Terry's Turbo Trip,3376
Idle Wizard,2950
Assassin‚Äôs Creed‚ìá Odyssey - The Fate of Atlantis,5533
Mortal Shell,3400
Far Cry¬Æ New Dawn,3863
Wildermyth - Atav√≠os y aspectos,4046
Omega Crafter,2286
TROUBLESHOOTER: Abandoned Children - Crimson Crow,3342
Reverse Collapse: Code Name Bakery,2660
Terminus: Zombie Survivors,3685
Ys IX: Monstrum Nox,3831
Griftlands,3821
Salt and Sanctuary,3893
Swords and Sandals Classic Collection,3151
Phantasy Star Online 2 New Genesis - [SALE] 10000AC Exchange Ticket,2550
Star Conflict,3305
Wurm Online,3645
Hammerwatch Anniversary Edition,2987
ANNO: Mutationem,2603
Child of Light,3683
Yakuza Kiwami 2,4143
The Lost Village,3702
The Legend of Heroes: Trails in the Sky the 3rd,3359
Hammerwatch II,2412
Myth of Empires - Dongzhou Map,2616
Persona 3 Portable,3387
Secret World Legends,4035
SWORD ART ONLINE Alicization Lycoris,4777
Dungeon ‚àû Create,2755
Descending The Woods,2752
Citizen Sleeper,3813
PARANORMASIGHT: The Seven Mysteries of Honjo,4055
Tom Clancy‚Äôs The Division 2 ‚Äì Value Bundle,2774
Star Traders: Frontiers,4081
Assassin's Creed¬Æ Origins - The Curse Of The Pharaohs,2903
Conan Exiles - People of the Dragon Pack,3421
Garden Story,3877
Chronicon,3251
ÈÉ®ËêΩ‰∏éÂºØÂàÄ Sands of Salzaar,4112
Loop Hero,3272
Corpse Party (2021),5938
Scars of Summer,4585
"Warhammer 40,000: Dawn of War II",3775
The Ascent - CyberSec Pack,3679
Rune Factory 4 Special,0
The Ascent - Cyber Warrior Pack,3684
60 Parsecs!,3366
‰∏âÂõΩÁæ§Ëã±‰πãÂÖµ‰∏¥Â§©‰∏ã,0
Thief,4351
Dragon Chronicles: Black Tears,4202
Earl vs. the Mutants,3119
The Front,4952
King Arthur: Knight's Tale,3035
PAYDAY 2: McShay Weapon Pack 3,4403
LEGO¬Æ The Hobbit‚Ñ¢,3905
Day of Dragons,3075
Stone Story RPG,3423
Robo Legend,4456
Fell Seal: Arbiter's Mark,5807
‰øÆ‰ªôÁ•ûËØÄ,3077
Fallen ~Makina and the City of Ruins~,3283
Ê∞∏ÊÅíÊàòÊ≠å,2657
GreedFall,0
Âè§ÂâëÂ•áË∞≠‰∏â(Gujian3),6230
Bang Average Football,3453
Animation Throwdown: The Quest for Cards,3349
Áï∞‰∏ñÁïå„ÅÆÂâµÈÄ†ËÄÖ,2999
Fate/EXTELLA LINK,7365
Two Worlds II HD,3071
Danganronpa S: Ultimate Summer Camp,7247
Immortals Fenyx Rising,3725
Fallout 3,2916
Graveyard Keeper - Better Save Soul,3198
Attack on Toys,4078
Ys VIII: Lacrimosa of DANA,5650
Kynseed,2583
Death Road to Canada,4126
Assassin's Creed¬Æ Valhalla - Dawn of Ragnar√∂k,8419
Tales of Maj'Eyal,3141
League of Angels: Pact,2911
È£éÂ∏ÜÁ∫™ÂÖÉ Sailing Era,4210
Torchlight II,4621
ÁÅµÂ¢É¬∑‰øÆ‰ªôÁïå,4475
Granblue Fantasy: Versus,5354
WolfQuest Anniversary - Lost River,5174
Brave Alchemist Colette,3628
Symphony of War: The Nephilim Saga - Legends,3970
Idle Skilling,2941
Sword and Fairy 7,2994
This Grand Life 2,3129
Â§™ÂêæÁªòÂç∑ The Scroll Of Taiwu,4334
DRAGON BALL Z: KAKAROT - A NEW POWER AWAKENS SET,4125
Mega Man Zero/ZX Legacy Collection,4089
Little Goody Two Shoes,4590
PAYDAY 2: McShay Weapon Pack 2,3824
Yog-Sothoth‚Äôs Yard,4114
Eternium,5119
Red Solstice 2: Survivors,4214
Salt and Sacrifice,4810
Wolfenstein: Youngblood,4644
Baldur's Gate: Siege of Dragonspear,3693
Way of the Samurai 4,0
Draconia,3352
Song Of The Prairie,3379
Lilitales,3841
Sucker for Love: Date to Die For,3252
Cat Quest II,2880
The RPG Engine,5008
Pirate101,3949
Tropico 5,4582
DARK SOULS‚Ñ¢ III - Ashes of Ariandel‚Ñ¢,3112
Atelier Sophie: The Alchemist of the Mysterious Book DX,3389
Rogue : Genesia,4522
ZED ZONE,3904
Nobody Saves the World,5509
Titan Revenge,3667
Pennon and Battle,2461
The Legend of Heroes: Trails to Azure,3434
Toukiden 2,4479
There Is No Light: Enhanced Edition,4562
Starcom: Nexus,4857
Trials of Mana,3592
Assassin's Creed Freedom Cry,2723
BIOMUTANT,3829
Lil Gator Game,0
Conan Exiles - Seekers of the Dawn Pack,4356
Thymesia,3204
You Will Die Here Tonight,3572
Pit People¬Æ,3861
Pocket Mirror ~ GoldenerTraum,0
Out of Orbit,4597
CaseCracker,4813
Disgaea 5 Complete,0
Underspace,3862
ÂØåÁî≤Â§©‰∏ãW,3998
DYNASTY WARRIORS 8 Empires,5450
WAKFU,2744
PAYDAY 2: Lost in Transit Heist,4282
Tunguska: Dead Zone,3548
Curious Expedition 2,3568
Dark Deception Chapter 2,3790
Assassin's Creed¬Æ Revelations,3033
Immortal Family,4570
ASTLIBRA Gaiden: The Cave of Phantom Mist,4278
Castlevania: Lords of Shadow 2,5225
Unturned - Permanent Gold Upgrade,3694
"Warhammer 40,000: Chaos Gate - Daemonhunters - Execution Force",3603
Farmer Against Potatoes Idle,3555
Bloodstained: Ritual of the Night - Modo cl√°sico II: la maldici√≥n de Dominique,4393
DREDGE - Blackstone Key,5115
The Escapists,4019
Granado Espada,2637
Baldur's Gate: Dark Alliance II,5109
Ê≤≥Ê¥õÁæ§‰ø†ÂÇ≥ (Ho Tu Lo Shu Ôºö The Books of Dragon),3796
SKALD: Against the Black Priory - Reinforcement Pack,3857
Gobs and Gods,4426
Wanted Raccoon,3179
The Lost Legends of Redwall‚Ñ¢: The Scout Anthology,6220
Asterigos: Curse of the Stars,0
Shadowrun: Hong Kong - Extended Edition,4433
Hotel Business Simulator,3472
Graveyard Keeper - Stranger Sins,3523
False Myth,4653
È£ÑÊµÅÂπªÂ¢ÉM,3237
Eris Dysnomia,4297
Lost Castle / Â§±ËêΩÂüéÂ†°,4625
Florensia,3795
Blade: The Edge of Darkness,4559
"Warhammer 40,000: Inquisitor - Martyr - Sororitas Class",4273
Oceanhorn 2: Knights of the Lost Realm,3390
Heads Will Roll: Reforged - Not a Hero,4736
Nioh: Complete Edition,4057
Ê≠¶ÊûóËá≥Â∞ä‰º†,4315
Graveyard Keeper - Game Of Crone,3208
Phantom Brigade,3393
Samurai Vandalism,3674
Sandwalkers,3636
Prison Simulator,3431
Monster Sanctuary,3066
Rift Wizard 2,3975
Noelle Does Her Best!,3797
‰ø†‰πãÈÅì(PathOfWuxia),0
Punch Club,4021
Touhou Hero of Ice Fairy,4455
Conan Exiles - Blood and Sand Pack,4491
Weird West: Definitive Edition,0
Hylics 2,4834
Princesses Never Lose!,5631
Aliens: Fireteam Elite - Pathogen Expansion,4632
Rogue Heroes: Ruins of Tasos,0
Tunguska: Shadow Master,4254
Lost Ark: Paquete de inicio Premium,4247
Mount & Blade: Warband - Viking Conquest Reforged Edition,5044
Cube World,6108
Grimlord,4787
God Of Weapons,3323
STORY OF SEASONS: Friends of Mineral Town,4349
Êñ∞‰∏âÂúã Êº¢ÂÆ§Âæ©Ëàà,4267
Conan Exiles - Architects of Argos Pack,4338
Vampire: The Masquerade ‚Äì Swansong,0
Never Mourn,9018
Bandle Tale: A League of Legends Story,3966
Meta-Ghost: The Breaking Show,4264
Medieval Dynasty - Official Cookbook,4283
Mahokenshi - The Samurai Deckbuilder,4192
OUTRIDERS WORLDSLAYER EXPANSION,3479
Unheard,4032
The Braves,4385
PAYDAY 2: McShay Mod Pack,4669
Firework,4295
Transistor,5841
Airship: Kingdoms Adrift,0
CrossCode,3241
Se√±or Peludo: M√∫sculos Calientes,3891
Solasta: Crown of the Magister - Inner Strength,4670
PAYDAY 2: Midland Ranch Heist,4414
Captain Tsubasa: Rise of New Champions,4962
Alice in the Nightmare Land,4918
Old World - The Sacred and The Profane,4464
Jurassic World Evolution 2: Deluxe Upgrade Pack,3899
RPG Developer Bakin,4616
Conan Exiles - The Savage Frontier Pack,5880
Sucker for Love: First Date,4395
Phantom Doctrine,0
Fallout 4 Vault-Tec Workshop,4523
Rack and Slay,3916
Medieval Dynasty - Digital Supporter Pack,4094
RUNNING WITH RIFLES,2883
CRYMACHINA,0
The Sinking City - Worshippers of the Necronomicon,4650
Between the Stars,3973
RAIDBORN,6401
Spirit of the Island - Adventureland,4320
S.T.A.L.K.E.R.: Clear Sky,4368
Castle Empire,2606
Frontier Hunter: Erza‚Äôs Wheel of Fortune,3929
Xuan-Yuan Sword: Mists Beyond the Mountains,4340
PULSAR: Lost Colony,0
Sister Travel,4336
PAYDAY 2: The Ukrainian Prisoner Heist,4372
Dead Island: Riptide Definitive Edition,4852
Across The Obelisk: Spooky Night in Senenthia,4892
PAYDAY 2: McShay Weapon Pack,4286
Romancing SaGa 2‚Ñ¢,0
Lemon Cake,3968
PAYDAY 2: The Golden Grin Casino Heist,4377
SUNLESS SEA,6596
Sir Whoopass‚Ñ¢: Immortal Death,5168
CultËææ‰∫∫ÊûÅÈôêÊîÄÂ≤©,4424
Haven,3994
Erannorth Chronicles,5636
Project: Gorgon,3774
Fae Farm: Coasts of Croakia,4622
Fortune's Run,6242
Sanfu,5120
PAYDAY 2: Jiu Feng Smuggler Pack 4,5000
GNOSIA,3895
PAYDAY 2: Mountain Master Heist,4958
ÂÖ¨‰∏ªÔºö‰∏úÊñπ‰∏éËøúÂæÅÔºàPrincess: The East and the ExpeditionÔºâ,4408
FINAL FANTASY¬Æ XIII-2,4537
Conan Exiles - Treasures of Turan Pack,4236
Deus Ex: Game of the Year Edition,4643
Conan Exiles - Riders of Hyboria Pack,5064
PAYDAY 2: Border Crossing Heist,4645
PAYDAY 2: Black Cat Heist,4591
GRANDIA HD Remaster,0
Blood of Steel,3920
Atomic Heart - Annihilation Instinct,4079
Heroes of Might & Magic V: Tribes of the East,3938
Siralim Ultimate,4392
SaGa Emerald Beyond,7609
Atlas Fallen,4207
Final Fantasy IV (3D Remake),6044
Nexomon: Extinction,3978
Fable Anniversary - Heroes and Villains Content Pack,4344
Dungeons of Aether,4097
Knock on the Coffin Lid,0
Time Wasters,4992
Gunspell 2 ‚Äì Match 3 Puzzle RPG,0
Solasta: Crown of the Magister - Lost Valley,4329
Hylics,4579
Phantasy Star Online 2 New Genesis - [SALE] 2200AC Exchange Ticket,4539
Realm Grinder,0
Castle Crashers - Blacksmith Pack,4628
LIGHTNING RETURNS‚Ñ¢: FINAL FANTASY¬Æ XIII,7018
Fallout 4 - Contraptions Workshop,4541
The Curse of Kubel,4366
EmergeNYC,4173
SpellForce: Conquest of Eo - Demon Scourge,4534
The Sinking City - Merciful Madness,4572
The Forgotten City,5124
The Life and Suffering of Sir Brante,3776
Might & Magic: Clash of Heroes - Definitive Edition,5110
PAYDAY 2: John Wick Heists,4685
ÈõÄÁöáÈ∫ªÈõÄ,3451
Castle Crashers - Pink Knight Pack,4633
Comedy Night,8959
Puzzle Quest 3,5619
Vagante,4640
Skyforge,4106
TOGETHER BnB,3058
Book of Travels,4418
Long Gone Days,6656
WolfQuest Anniversary - Building Character Pack,6527
Plutocracy,3786
REAL ESTATE Simulator - FROM BUM TO MILLIONAIRE,5569
Princess Maker 2 Refine,3914
LIZARDS MUST DIE,5576
Mordheim: City of the Damned,5836
The Surge 2,4785
Cattails: Wildwood Story,3792
Epistory - Typing Chronicles,6716
Fantasy Grounds Unity - Ultimate License Upgrade,0
PAYDAY 2: Dragon Pack,5065
Legend of the Master Baiter,3825
Siege Survival: Gloria Victis,4050
Twilight Survivors,0
Attack on Titan / A.O.T. Wings of Freedom,4801
The Lord of the Rings: Gollum‚Ñ¢,5458
Tails of Iron,5313
Warhammer: Chaosbane,0
Yakuza 6: The Song of Life,5548
Dicey Dungeons,4044
This Land Is My Land,3733
Roadwarden,4750
Path of Achra,3326
Thief Simulator,2488
Curious Expedition,4370
Dungeon Dreams 2,4829
Â∏∏ËΩ®ËÑ±Á¶ªCreative,5100
Fable - The Lost Chapters,4409
Rakion Chaos Force,3783
CosmicBreak Universal,4335
Charlie Murder,0
The RPG Engine - GameMasters Edition (REQUIRES Builders Edition DLC!),6030
The Legend of Nayuta: Boundless Trails,7375
THE LONGING,0
Expansi√≥n Tales of Arise - Beyond the Dawn,4138
Prototype‚Ñ¢,0
My Island,0
Into the Necrovale,3934
Darksiders Genesis,8048
Incubus Quest,5092
Welcome to ParadiZe,0
Atelier Ryza: Ever Darkness & the Secret Hideout,4131
Saint Emiliana,5820
Chromosome Evil 2,6780
Snacko,0
Littlewood,6036
PAYDAY 2: Buluc's Mansion Heist,5061
Dungeon Keeper Gold‚Ñ¢,4121
Darksiders II Deathinitive Edition,0
RPG Maker XP,4965
ATOM RPG: Post-apocalyptic indie game,5608
The Legend of Heroes: Trails of Cold Steel IV,6888
Wizardry: The Five Ordeals,6203
Bounty of One - Panic in the Mines,4811
Fallout New Vegas¬Æ: Lonesome Road‚Ñ¢,5171
Icewind Dale: Enhanced Edition,5366
Cris Tales,9034
Hero Tale,4011
Everhood,4967
‰∏úÊñπÂ§úÈõÄÈ£üÂ†ÇDLC5Êâ©Â±ïÂåÖ - ÊúàÈÉΩ&È≠îÁïå,5263
Walking Zombie 2,4512
Castlevania Advance Collection,4877
Lies of P : Deluxe Upgrade,4833
Prop Hunt,4677
Cornucopia¬Æ,4960
Public Defense Corp,4630
Re:BF,4581
NEO: The World Ends with You,0
Persona¬Æ 5 Strikers,0
Astride,7083
Niffelheim,0
Godsbane Idle,0
Chevalier Historie,3758
Heroes of Might & Magic V: Hammers of Fate,4130
PAYDAY 2: The Butcher's BBQ Pack,4721
Atlantica Europe,4894
Space Order Mine,5674
Rogue Legacy,0
Song of Nunu: A League of Legends Story,6286
Knights of Pen and Paper 2,4237
Sleep Stream,5520
UnderMine,0
Spiritfall,4163
FATE: The Cursed King,6171
Werewolf: The Apocalypse - Earthblood,0
Bound by Love,4147
PAYDAY 2: The Biker Heist,5146
Yolk Heroes: A Long Tamago,5220
È¨ºË∞∑ÂÖ´Ëçí - ‰∏çÂΩíÁéÑÂ¢É,4096
PAYDAY 2: Scarface Heist,4615
Undead Horde 2: Necropolis,4674
And the Hero Was Never Seen Again,4250
Incremental Town RPG,5604
Stories from the Outbreak,4471
Beholder,5797
Depersonalization,4513
Sword and Fairy,5526
Born Again,5140
Fargone,0
Hogwarts Legacy: Paquete de las Artes Oscuras,4181
Bug Fables: The Everlasting Sapling,0
Town of Salem,3802
Terminator: Resistance Annihilation Line,4319
Conan Exiles - The Imperial East Pack,4298
Mutant Year Zero: Road to Eden,3611
Underrail: Heavy Duty,5546
Spiral Dystopia,5009
PAYDAY 2: San Mart√≠n Bank Heist,4902
Ê¢¶‰∏âÂõΩ2,5035
PAYDAY 2: Wolf Pack,4942
Êµ∑Â±±ÔºöÊòÜ‰ªëÈïú,5317
Demeo Battles,0
The WILDS,6083
PAYDAY 2: Jiu Feng Smuggler Pack 3,5216
Vampire: The Masquerade - Coteries of New York,5058
Chicory: A Colorful Tale,6166
Survival Nation,0
Lumencraft,8018
PAYDAY 2: The OVERKILL Pack,4860
Emily is Away <3,4891
PAYDAY 2: Armored Transport,5167
Above Snakes,0
Waven - Premium Founder‚Äôs Pack,5073
Darza's Dominion,0
Harvest Moon: One World,8677
Mega Man Battle Network Legacy Collection Vol. 1,4612
Gordian Quest,6393
Tear and the Library of Labyrinths,4435
PAYDAY 2: Hotline Miami,5003
PAYDAY 2: The Point Break Heists,4848
ÂÜ∞ÁÅ´ÂêØÁ§∫ÂΩï,6410
My Time at Sandrock - Digital Artbook,7209
PAYDAY 2: Gage Spec Ops Pack,5149
The Light Brigade,0
Fallout New Vegas: Old World Blues,5777
Arma II: DayZ Mod,0
Lootun,6193
The Expanse: A Telltale Series - Archangel,5353
Forsaken Quartet,3972
Sable,0
Rune Factory 3 Special,4157
"Flashing Lights: Pickup Truck Triple Pack (Police, Fire, EMS)",5137
Star Sonata 2,3385
ASURA,6687
Wolfstride,6054
Âè§Á•ûÊ®°ÊãüÂô® ElderGods Simulator,5839
Pathfinder: Kingmaker - Beneath The Stolen Lands,5989
River City Girls 2,4788
Conan Exiles - Jewel of the West Pack,5165
Crazy Flasher 7 Mercenary Empire(stand-alone Version),5525
RPG Maker VX Ace,6255
Dungeon Village 2,5198
The Scarlet Demonslayer,5513
Minicology,4735
Tempest: Pirate Action RPG,0
Cloudpunk,3747
ÂêûÈ£üÂ§©Âú∞2ÔºöË™ïÁîüReborn,2385
DYSMANTLE: Underworld,5584
Magicka,4302
‰øÆ‰ªôÁ´ãÂøó‰º†,5503
Tunguska: Sound of Music,4898
Royal Alchemist,0
Old School,8241
RaiOhGar: Asuka and the King of Steel,4945
ÁæéÂ∞ëÂ•≥‰∏áÂçéÈïú -ÁêÜ‰∏éËø∑ÂÆ´ÁöÑÂ∞ëÂ•≥-,6688
DRAGON BALL Z: KAKAROT - 23rd World Tournament,6696
Phoenix Point - Festering Skies DLC,5397
League of Angels-Heaven's Fury,8457
Conan Exiles - The Riddle of Steel,5232
High Sea Saga DX,4718
Steelrising,0
Ad Fundum,5244
PAYDAY 2: Breakfast in Tijuana Heist,4961
Overlord II,0
Devil Slayer - Raksasi Êñ©Â¶ñRaksasi,4440
Dying Light - Hellraid,8032
Niche - a genetics survival game,0
Elderand,4303
Êù±ÊñπÂπªÊÉ≥È≠îÈå≤W ÔΩû The Devil of Decline,0
‰∏âÂõΩÁæ§Ëã±‰º†7,5007
Crysis 2 - Maximum Edition,0
RESONANCE OF FATE‚Ñ¢/END OF ETERNITY‚Ñ¢ 4K/HD EDITION,0
PAYDAY 2: The Alesso Heist,5164
Shadow of the Depth,5572
Mount & Blade: With Fire & Sword,5465
Â•≥Á•ûÂÖ®ÈÉ®ÈîÅÂÆöÊàë Beauties! They're All After Me,4153
Fallout New Vegas: Dead Money,6236
Morbid: The Seven Acolytes,5221
Assassin's Creed¬Æ Origins - The Hidden Ones,4362
Garden Paws,0
WORLD OF FINAL FANTASY¬Æ,0
Castlevania Anniversary Collection,7182
Monster Hunter Stories 2: Wings of Ruin - Deluxe Kit,0
The Surge,0
Dead Effect 2 VR,7294
Sakura Dungeon,5373
Cat Quest,5210
Deus Ex: Human Revolution - Director's Cut,4103
LIVE A LIVE,4373
Pathfinder: Wrath of the Righteous ‚Äì The Treasure of the Midnight Isles,5305
Wasteland 3: The Battle of Steeltown,5967
Dream Engines: Nomad Cities,3777
Heroes of Hammerwatch: Moon Temple,5352
Corsairs Legacy - Pirate Action RPG & Sea Battles,5610
Caribbean Legend - Vile Little God,3937
Margonem,4569
Trash of the Titans,6536
PAYDAY 2: The Bomb Heists,5452
Kingdom Heroes 8 The Hibiscus storm clouds,5368
Your Chronicle,5348
Kingdom Come: Deliverance ‚Äì From the Ashes,6817
DYSMANTLE: Doomsday,5950
Fallout 4 - Wasteland Workshop,4907
‰æ†ÂÆ¢È£é‰∫ë‰º†Ââç‰º†(Tale of Wuxia:The Pre-Sequel),5289
My Time at Sandrock - Paquete de vestuario playero y de gala,6285
RPG Architect,0
Nanotale - Typing Chronicles,0
Shin Megami Tensei V: Vengeance - Sakura-Asche des Ostens,4923
The Division 2 - Warlords of New York - Expansion,8263
Chernobylite Complete Edition,4371
Nexomon,6245
PAYDAY 2: Gunslinger Weapon Pack,7092
Deck of Souls,5616
Hero Siege - Stormweaver,5691
Hood: Outlaws & Legends,0
Torchlight,8869
Brutal Legend,4056
Pine Harbor,6783
Darksiders‚Ñ¢,0
Solasta: Crown of the Magister - Primal Calling,4885
Â§ßÁß¶Â∏ùÂõΩ,4486
How to Build a Magnificent Kingdom,6005
ËªíËΩÖÂäçÂèÉÂ§ñÂÇ≥ Â§©‰πãÁóï,6090
Binding of Isaac: Wrath of the Lamb,6162
CHRONO CROSS: THE RADICAL DREAMERS EDITION,4664
Outward: The Three Brothers,5949
Granblue Fantasy: Relink - Paquete de colores 5,5001
PAYDAY 2: Jiu Feng Smuggler Pack,5589
NOBUNAGA'S AMBITION: Sphere of Influence - Ascension,5297
Puzzle Pirates,3977
Aground,7711
Fallout New Vegas: Honest Hearts,5705
HIVESWAP: ACT 2,8148
‰∏úÊñπÂ§úÈõÄÈ£üÂ†ÇDLC3Êâ©Â±ïÂåÖ - ÂëΩËé≤ÂØ∫&Á•ûÁÅµÂ∫ô,6215
Streets of Rogue Character Pack,5870
Niplheim's Hunter - Branded Azel,4739
Idle Clans,3867
Pathfinder: Wrath of the Righteous - Through the Ashes,5489
One Deck Dungeon,5861
Star Dynasties,0
PAYDAY 2: The Goat Simulator Heist,5625
Apostle: Rebellion,5251
Kingdoms of Amalur: Re-Reckoning - Fatesworn,0
ATOM RPG Trudograd,6819
Dusk Pub - OST,4727
Ruins Seeker,4361
Âè§ÈæôÈ£é‰∫ëÂΩï,5424
Record of Lodoss War: Deedlit in Wonder Labyrinth,0
DEAD OR SCHOOL,5229
Populous‚Ñ¢: The Beginning,5400
Armored Suit Solgante,5360
Gothic II: Gold Edition,4100
È£ûË∂ä13Âè∑Êàø,4770
PAYDAY 2: The Butcher's AK/CAR Mod Pack,5784
The Age of Decadence,6830
Keplerth,5671
Resist the succubus‚ÄîThe end of the female Knight,7341
PAYDAY 2: Yakuza Character Pack,5491
Heroes Of The Dark,5554
ÈïáÈÇ™,5865
PAYDAY 2: The Big Bank Heist,5338
DRAGON BALL Z: KAKAROT - Goku's Next Journey,4487
Astria Ascending,5970
PAYDAY 2: Cartel Optics Mod Pack,5410
Tales of Monkey Island: Complete Season,6261
Atelier Marie Remake: The Alchemist of Salburg,0
Alchemia Story,0
Liz ~The Tower and the Grimoire~,5426
Dreadhunter,4617
Dungeon of the ENDLESS‚Ñ¢,4697
PAYDAY 2: Jiu Feng Smuggler Pack 2,5978
Shenmue III,0
MEGA MAN X DiVE Offline,0
The Dwarves,6466
PAYDAY 2: Sokol Character Pack,5668
„Éá„É•„Ç®„Éõ„É≠ (DUEHOLO),5778
Vampyr - The Hunters Heirlooms DLC,5111
PAYDAY 2: Gage Ninja Pack,5590
Behind the Frame: El paisaje m√°s bello,5657
Ark Mobius: Censored Edition,4824
Kingdom Come: Deliverance ‚Äì Band of Bastards,4738
Leanna's Slice of Life,4671
The Hex,0
DYSMANTLE: Pets & Dungeons,5468
My Time at Sandrock - Paquete de mascotas: Lil Gecko,5889
The Bard's Tale Trilogy,5551
Banner of the Maid - The Oriental Pirate,5660
Sun Haven: Starlight Pack,5272
Sanctum 2,0
ËΩÆÂõû‰øÆ‰ªôË∑Ø,5696
Amazing Cultivation Simulator - Immortal Tales of WuDang,5673
Dungreed,4647
Shadowrun: Dragonfall - Director's Cut,5932
Tina: Swordswoman of the Scarlet Prison,6164
PAYDAY 2: Gage Russian Weapon Pack,5717
Ââë‰∏∫ÂêõËàû,0
Etrian Odyssey III HD,4926
FINAL FANTASY XV EPISODE ARDYN,5732
Sacred Gold,5948
West of Loathing: Reckonin' at Gun Manor,8005
Mount & Blade: Warband - Napoleonic Wars,5187
Elemental Raiders,0
Bard Idle,4623
PAYDAY 2: h3h3 Character Pack,5488
Inkbound - Supporter Pack: Rise of the Unbound,5385
The Slormancer,5573
Pathfinder: Kingmaker - Varnhold's Lot,6085
"Warhammer 40,000: Chaos Gate - Daemonhunters - Duty Eternal",4865
Real Dive World,0
Heroes of Hammerwatch: Pyramid of Prophecy,5155
START AGAIN: a prologue,0
Infernax,5460
A Plague Tale: Requiem - Protector Pack DLC,4964
Empire of Sin,4708
Obenseuer,7495
Succubus Prison,6354
Succubus Farm,6105
Ancient Wars: Sparta Definitive Edition,7968
Blood Bowl 2,4554
ONE PIECE: PIRATE WARRIORS 4 Paquete de Asalto a Onigashima,5135
‰∏úÊñπÂ§úÈõÄÈ£üÂ†ÇDLC4Êâ©Â±ïÂåÖ - Â§™Èò≥Ëä±Áî∞&ËæâÈíàÂüé,5760
Shattered Pixel Dungeon,4812
Blackguards,5988
The Council,5850
XCOM¬Æ: Chimera Squad,5441
Powerlust,9017
Hard West 2,0
SCP: Secret Files,8353
The Doors of Trithius,0
System Shock 2,0
Incremental Epic Hero 2,6667
Sun Haven: Pop Sensation Pack,6601
HARVESTELLA,2951
Etrian Odyssey II HD,4800
Pase de legado deluxe de SMITE,5800
Legends of Kingdom Rush,6297
Shadows of Adam,0
Banners of Ruin,5002
PAGUIÊâìÈ¨º,4806
Cassette Beasts: Pier of the Unknown,5408
Remnant: From the Ashes - Subject 2923,5031
Bleak Faith: Forsaken,4557
Demon Lord Reincarnation,0
Star Trek‚Ñ¢: Bridge Crew,4472
Overlord‚Ñ¢,5184
Remnant: From the Ashes - Swamps of Corsus,5170
PAYDAY 2: Fugitive Weapon Pack,6506
The RPG Engine - Builders Edition,9032
PAYDAY 2: Tijuana Music Pack,5647
No Place Like Home,0
Assassin‚Äôs Creed‚ìá Odyssey ‚Äì Legacy of the First Blade,8693
Jade Empire‚Ñ¢: Special Edition,5300
Áå´‰∏âÂõΩ,6625
Champion Shift,5379
PAYDAY 2: Gage Mod Courier,5815
CHANGE: Una Experiencia De Supervivencia En La Calle,0
DRAGON QUEST BUILDERS,4459
ÂóúË°ÄÂç∞ Bloody Spell,6953
PAYDAY 2: Gage Chivalry Pack,6025
Tactical Nexus,3750
Hand of Fate 2,5499
"Rolling Hills: Make Sushi, Make Friends",4578
"UNDYING - ""KINGDOM""",8191
Pathfinder: Wrath of the Righteous - Inevitable Excess,5319
The Witch's House MV,8789
Slave's Sword,5105
Tales of Berseria‚Ñ¢,0
‰∏úÊñπÂ§úÈõÄÈ£üÂ†ÇDLC1Êâ©Â±ïÂåÖ - È≠îÊ≥ïÊ£ÆÊûó&Â¶ñÊÄ™Â±±,5925
KƒÅdomon: Hyper Auto Battlers,5875
Might and Magic: Heroes VII ‚Äì Trial by Fire,5614
Shera and the Three Treasures,6453
Overlord‚Ñ¢: Raising Hell,5442
My Little Blacksmith Shop,0
Granblue Fantasy: Relink - Paquete de colores 4,8416
Crashlands,6250
The Vagrant,6301
ÈÉΩË¶ÅÔºÅÂ∞èÂ≠©Â≠êÊâçÂÅöÈÄâÊã©ÔºÅ,5558
‰∏âÂõΩÁæ§Ëã±‰º†,6394
Subterrain: Mines of Titan,5543
Aeruta,6402
13F,6442
Slay the Princess - Supporters Pack,5268
The Black Guards of Odom - Desert Town Prison,6432
RPG in a Box,6710
This Land Is My Land Founders Edition DLC,5985
Heads Will Roll: Reforged - Happily Ever After,6926
Dream Tactics,0
SUPER ROBOT WARS 30 - Expansion Pack,7642
PAYDAY 2: The Butcher's Western Pack,5964
FATE: The Traitor Soul,6476
Dungeon Defenders - Hermit Hero DLC,6493
Âç°Â∫ìËøúÂè§Â∞ÅÂç∞ - È¶ñÂèëÁâπÂÖ∏,6850
Seven: Enhanced Edition,6302
Tainted Grail: Conquest,0
PAYDAY 2: John Wick Weapon Pack,5966
Vaporum,6707
Munchkin Digital - Unnatural Axe,5438
Soulash,5478
Desktopia: A Desktop Village Simulator,7528
King of the Bridge,5626
PAYDAY 2: Dragan Character Pack,6066
Monsters Domain,5147
Mary Skelter 2,0
Coromon,6372
Vendir: Plague of Lies,4722
Steven Universe: Save the Light,5757
SD GUNDAM BATTLE ALLIANCE,0
My Time at Sandrock - Paquete de decoraci√≥n del Lejano Oriente,6723
Chevalier Historie Append,6094
Wytchwood,0
DEEMO -Reborn-,4783
Nienix: Cosmic Warfare,0
Geneforge 2 - Infestation,5982
Tornado: Research and Rescue,0
Divinity II: Developer's Cut,5656
Solace Crafting,7311
Crystal Project,6187
Ôº≤Ôº∞Ôºß„Çø„Ç§„É†ÔºÅÔΩû„É©„Ç§„Éà„ÅÆ‰ºùË™¨ÔΩû,5139
Obscurite Magie: The City of Sin,0
Jagged Alliance 2 - Wildfire,6304
Chronicon - The Mechanist,6204
Á¶ÅÂøåËØïÁÇº Taboo Trial DLC ËØóËîªËíÇ,5439
Dragon Cliff,8274
President Yukino,5942
Á¶ÅÂøåËØïÁÇº Taboo Trial DLC ÊñØÂç°ËíÇ,5419
Swarm Grinder,6794
DC Universe Online‚Ñ¢ - Power Bundle (2016),5719
The Banner Saga,5485
Hades Original Soundtrack,8080
Lumberjack's Dynasty,4493
Neon Abyss - Chrono Trap,6167
Soul Hackers 2,5728
The Heart of Darkness,8426
Atelier Sophie 2: The Alchemist of the Mysterious Dream,5544
Darkest Dungeon Soundtrack,0
The Last Oricru - Final Cut,5542
PAYDAY 2: The Diamond Heist,6202
Archaelund,6911
Rebel Galaxy Outlaw,7484
Sacred 2 Gold,4427
Alpha Protocol‚Ñ¢,4444
Dusk Pub - Artbook,5310
Bartender Hustle,0
Horizon's Gate,6327
Tower Walker: MMO Grind Simulator,4252
GOD EATER 2 Rage Burst,0
moon: Remix RPG Adventure,0
NEO Scavenger,7448
Vampires' Melody 2,6916
Dark Deception Chapter 3,5944
Demon Queen Melissa,4495
Sword and Fairy 3,6252
One Lonely Outpost,7223
Underrail: Expedition,5793
Arrest of a stone Buddha,6999
Chronicon - Ancient Beasts,7489
Stonehearth,5367
Ëã±ÈõÑ‰ºùË™¨ Ââµ„ÅÆËªåË∑° / THE LEGEND OF HEROES: HAJIMARI NO KISEKI,7279
Perfect World M,7355
Fallen Saint Yhoundeh,6060
Boneraiser Minions,5585
Fates of Ort,0
The LEGO¬Æ Movie - Videogame,6226
FATE: Undiscovered Realms,7262
DORAEMON STORY OF SEASONS: Friends of the Great Kingdom,4518
Â§©ÂëΩÂ•áÂæ°‰∫å Fate Seeker II,6661
REMORE: INFESTED KINGDOM,0
My Time at Sandrock - Paquete de decoraci√≥n de animalitos,6932
Phantasy Star Online 2 New Genesis - [SALE] 1000AC Exchange Ticket,6309
Fleeting Iris,8897
Zenith,6549
Brutal Orchestra,0
Beacon Pines,0
PAYDAY 2: Sydney Character Pack,6614
Stormshot,6404
Full Metal Furies,0
Touhou Genso Wanderer -FORESIGHT-,4853
Seven Lovers In The House,6368
Broken Roads,4758
Virtua Unlimited Project,6329
Explorer of Yggdrasil,4849
ANOTHER EDEN,7201
Chaos Galaxy 2,8578
Rising Star 2,7162
PAYDAY 2: Gage Weapon Pack #01,6584
Wild West Dynasty,0
Sun Down Survivors,5693
Mira and the Mysteries of Alchemy,6153
That Time I Got Reincarnated as a Succubus,0
Angels of Death,6022
HELLGATE: London,5798
Expansion - Crusader Kings II: Holy Fury,5361
Tabletop Simulator - Zombicide,8040
Amazing Cultivation Simulator - Deep in the bamboo Forest,6318
Anvil Saga,4802
Stoneshard - Supporter Pack,6961
WolfQuest: Anniversary - Yellowstone Wolf Coat Pack,7964
A Hero's Rest: An RPG Town Simulator,7950
Hyper Light Drifter,5180
‰∏úÊñπÂ§úÈõÄÈ£üÂ†ÇDLC2Êâ©Â±ïÂåÖ - ÊóßÂú∞Áã±Ë°óÈÅì&Âú∞ÁÅµÊÆø,6397
Pesticide Not Required,5961
Foretales,5266
Romancing SaGa 3‚Ñ¢,0
Dungeon Siege,6161
Meifumado,0
Two Worlds Epic Edition,5431
Epic Battle Fantasy 5,5454
Dungeon Drafters,8358
Stranded Sails - Explorers of the Cursed Islands,5630
PAYDAY 2: Street Smart Tailor Pack,6295
Vampire: The Masquerade - Justice,0
Survivalist: Invisible Strain,6465
Forgotten Realms: The Archives - Collection Two,7330
PAYDAY 2: High Octane Tailor Pack,6607
Hellslave,6129
Encased: A Sci-Fi Post-Apocalyptic RPG,0
My Time at Sandrock - Paquete de decoraci√≥n de interiores,7004
Valkyria Chronicles‚Ñ¢,6722
Atomic Heart - Trapped in Limbo,5219
Persona 3 Reload - Paquete 1 de Persona P5R,7016
Rebel Galaxy,7267
Shin Megami Tensei III Nocturne HD Remaster,3086
Cubic Castles,0
È≠îÂ°îÂ∞ëÂ•≥,0
Project: Gorgon VIP Membership,3090
Despot's Game: Dystopian Battle Simulator,0
Fox Girls Never Play Dirty,5758
Fuga: Melodies of Steel 2,0
Hammerwatch,0
Heroic Kingdom: Origins,6620
Survivors of the Dawn,6430
‰∏âÂúãÁæ§Ëã±ÂÇ≥M,0
Staxel,7236
Iratus: Wrath of the Necromancer,6524
Emily is Away Too,8072
Otaku's Adventure,7768
Brave Nine,0
Divine Miko Koyori,4868
PAYDAY 2: Mega City Tailor Pack,7082
Disgaea 7: Vows of the Virtueless,2728
EVERSPACE‚Ñ¢ 2 - Supporter Pack,7129
The Lord of the Rings: Journeys in Middle-earth,4120
Â•≥Á•û‰øùÂç´Êàò,7348
9th Dawn III,0
Pascal's Wager: Definitive Edition,0
Infestation: The New Z,6281
Lunar Mirror:The Pavilion of Desire,5281
ONE PIECE World Seeker,4941
Crypt of the NecroDancer: SYNCHRONY,7085
‰øÆ‰ªôÊïÖ‰∫ã: ËΩÆÂõû Cultivation Story: Reincarnation,7009
Conjunto de trabajo especial de Like a Dragon: Infinite Wealth,6767
Whisker Waters,8149
Walking Zombie 2 - Mega Pack,6602
WitchSpring3 Re:Fine - The Story of Eirudy -,6146
Disgaea PC,0
Kingdom Come: Deliverance ‚Äì The Amorous Adventures of Bold Sir Hans Capon,5443
Paquete de vacaciones de maestro Like a Dragon: Infinite Wealth,5968
Shadow Gambit: Zagan's Ritual,5290
Finding Paradise,0
Dungeons & Dragons: Dark Alliance,3397
Gloomhaven - Solo Scenarios: Mercenary Challenges,7765
Risen,0
Moonglow Bay,5905
Dungeons & Dragons: Chronicles of Mystara,5192
Fabled Lands,5859
DAEMON X MACHINA,0
PAYDAY 2: Southbound Tailor Pack,6672
Granblue Fantasy: Relink - Paquete de superaci√≥n personal 2,8972
Death's Gambit: Afterlife - Ashes of Vados,6657
Master Key,6946
AirMech,4972
HAAK,0
Goobies,7277
Yakuza 5 Remastered,5735
Vaporum: Lockdown,8874
Ni no Kuni Wrath of the White Witch‚Ñ¢ Remastered,5330
Terrible Laboratory,7207
RPG Maker MV - 8bit Retro Graphic Materials All-in-One Pack,0
While the Iron's Hot,0
A Legionary's Life,5600
Fantasy Grounds - Tome of Heroes,6711
GRANDIA II HD Remaster,6542
Lunar Mirror,8290
Kubifaktorium,5364
Alternate DiMansion Diary,0
Immortals of Aveum‚Ñ¢,3415
Xanadu Next,7353
The Curse of Kubel+ - Expansion DLC,6472
Sunless Skies: Sovereign Edition,5238
Country Bumpkin Yutaka,6073
ÁîúÂøÉAIËøΩÊçïËÆ°Âàí,7476
Overlord: Fellowship of Evil,0
Titan Quest: Atlantis,4983
Might & Magic: Heroes VI,7253
PARASiTE FLOWER,0
Sunless Sea - Zubmariner,0
Ruined King: A League of Legends Story‚Ñ¢,7214
Death Trash,6349
Kakuriyo Village ~Moratorium of Adolescence~,0
Sparklite,7024
Quasimorph - Supporter Pack,6346
Dungeon Looter,5081
Arcanum: Of Steamworks and Magick Obscura,8214
Way of the Samurai 3,6871
Tom Clancy‚Äôs The Division‚Ñ¢ - Survival,7842
Shadow Empire,4882
Inkbound - Supporter Pack: The Starship of Terrors,6691
Grim Clicker,4774
PAYDAY 2: Golden Dagger Tailor Pack,6684
Mirror: The Lost Shards,6761
SpellForce 3 Reforced,5032
Sun Haven: Celestial Pack,6876
Pirates Outlaws,7325
Final Fantasy III (3D Remake),5190
Dark Deity,0
Not Tonight,4592
Onigiri,7820
Magic Research,0
Â•áÊÄ™ÁöÑRPG,8841
DRAGON BALL Z: KAKAROT - MUSIC COMPILATION PACK,8418
Rogue Fable IV,8221
Little Witch Nobeta,0
Granblue Fantasy: Relink - Paquete de superaci√≥n personal 3,7137
Mass Effect (2007),8975
SpellForce 3 Fallen God,6811
Milky Quest II,6651
Corpse Party,0
Satellite Reign,0
Heartbound - OST,6878
PAYDAY 2: Tailor Pack 1,6474
CHANGE: La expansi√≥n de la ciudad viva,0
Dungeon Painter Studio,6639
Welcome to the Adventurer Inn!,6746
Granblue Fantasy: Relink - Paquete de mejora de armas 3,7999
Yihongyuan,6669
Monochrome Mobius: Rights and Wrongs Forgotten,4796
GUN‚Ñ¢,0
Granblue Fantasy: Relink - Paquete deslimitador de armas 3,7660
Kozue's Strange Journey,7836
Granblue Fantasy: Relink - Paquete de mejora de armas 1,6940
Swords and Sandals Immortals,8669
Shadow Gambit: Yuki's Wish,5294
King's Bounty: Warriors of the North,5885
RUINSMAGUS,0
Expeditions: Viking,0
YIIK: A Postmodern RPG,0
‰∏âÂõΩÂæàÂøô-0.1Áâà,6962
Yakuza 4 Remastered,7002
Spirittea,0
The Iron Oath,6771
Live the Life,5358
PAYDAY 2: Guardians Tailor Pack,7224
‰ªôÈÅìÂ≠§ÊóÖ,4717
Mysteria ~Occult Shadows~,6777
RAGE,0
Atelier Ryza 3: Alchemist of the End & the Secret Key,4789
PAYDAY 2: Clover Character Pack,7010
Eiyuden Chronicle: Rising,6786
Sovereign Syndicate,5888
Inkbound - Supporter Pack: The Story Begins,7428
Otherworld Legends ÊàòÈ≠ÇÈì≠‰∫∫,0
Ring of Pain,0
FRONT MISSION 1st: Remake,0
Romancing SaGa -Minstrel Song- Remastered,0
Ê≤âÈªòÁöÑËüãËüÄ,5924
LONESTAR,4909
STRANGER OF PARADISE FINAL FANTASY ORIGIN - Season Pass,8764
Quest for Glory 1-5,7536
Mages of Mystralia,0
Sun Haven: Snow Day Pack,7831
DK Online,0
„ÉÄ„É≥„Ç∏„Éß„É≥„Ç¢„Éº„ÉÜ„Ç£„Éï„Ç°„ÇØ„Éà,0
Adventure Forest: Rabbit Story,6659
Infinite Mana,0
RUNGORE,7131
"Portal Knights - Druids, Furfolk, and Relic Defense",7134
Kunoichi Demon Slayers,0
‰ªôÂäçÂ•á‰ø†ÂÇ≥‰∫å,0
Ideology in Friction Append,5677
The World's Egg - For Those Who Dream,5540
PAYDAY 2: Gage Shotgun Pack,6939
Kingdom Come: Deliverance ‚Äì A Woman's Lot,4399
RIFT - Laethys' Fortune Pack,7080
ÂπªÊÉ≥‰∏âÂúãË™å-Â§©ÂÖÉÁï∞‰∫ãÈåÑ,0
Divinity: Original Sin 2 - Divine Ascension,8023
Labyrinth of Refrain: Coven of Dusk,6718
Alien Shooter,0
Swordsman VR,0
Cadria Item Shop,5247
Phoenix Point - Kaos Engines DLC,8678
Tower of Ardia,7561
"Portal Knights - Elves, Rogues, and Rifts",7574
Rise of the Third Power,0
Hero‚Äôs Hour - Rogue Realms,5922
Phoenix Point - Corrupted Horizons DLC,8346
Cookie Cutter,7205
Solasta: Crown of the Magister - Supporter Pack,7019
Heroes of Eternal Quest,6724
Shin Megami Tensei V: Vengeance - Voluntad divina y disidencia profana,6416
Castaway of the Ardusta Sea,0
Risen 3 - Titan Lords,0
9Dragons,3443
Little Noah: Scion of Paradise,0
Belial Red,5680
Rogue AI Simulator,7553
Machick,0
Fable Anniversary - Scythe Content Pack,7107
FINAL FANTASY VIII,4843
Shadowrun Returns,5062
Dig or Die,8382
PAYDAY 2: Federales Weapon Pack,7008
Return,7720
Curse Errant,6957
Undead Citadel,4588
Svarog's Dream,0
Werewolf: The Apocalypse ‚Äî The Book of Hungry Names,7150
Recettear: An Item Shop's Tale,6994
Impostor Factory,5618
Samawa Idle,0
Super Lesbian Animal RPG,8256
PAYDAY 2: Gage Weapon Pack #02,6989
ÂØåÁî≤Â§©‰∏ã5,6588
PAYDAY 2: Weapon Color Pack 3,6906
Assassin's Creed¬Æ Valhalla - The Siege of Paris,0
Racine,0
Yakuza 3 Remastered,7582
Romancelvania,0
PAYDAY 2: Gage Sniper Pack,7052
ÊãúÊâòÔºÅÊòéÂ§©ÂíåÊàëÊÅãÁà±Âêß,0
Granblue Fantasy: Relink - Paquete de mejora de insignias 3,7755
Victor Vran ARPG,0
PAYDAY‚Ñ¢ The Heist,6210
Armello Original Soundtrack - Wyld's Call,7327
Craft The World - Lonely Mountain,7329
Anode Heart,5789
Kingdom Come: Deliverance ‚Äì OST Atmospheres & Additionals,6521
The Dungeon Of Naheulbeuk: The Amulet Of Chaos - Goodies Pack,6977
Everything,8661
Kingdom Under Fire: Heroes,6004
Star Renegades,0
Nordicandia,7697
Kotoko's a Little Weird,8896
Hero Siege - Extra Slots & Stash Space,7352
The Adventurer's Domain Online,0
Granblue Fantasy: Relink - Paquete de mejora de armas 2,0
Godhood,5034
RAID: World War II,0
Ikonei Island: An Earthlock Adventure,8198
Noel the Mortal Fate S1-7,0
Myth of Empires - Royal Carriages Pack,6198
Pathfinder: Kingmaker - The Wildcards,6002
Â§©Â§ñÊ≠¶Êûó (Traveler of Wuxia),8647
PAYDAY 2: Tailor Pack 2,7120
Astor: Blade of the Monolith,5237
Kingdom Under Fire: The Crusaders,8932
Thea: The Awakening,0
Grim Dawn - Steam Loyalist Items Pack,7411
The Unliving,0
GreedFall - The De Vespe Conspiracy,0
Druidstone: The Secret of the Menhir Forest,0
Á∫∏Â´ÅË°£5Êù•ÁîüÊàè,7928
Nebel Geisterj√§ger ~ The First Lamb,0
Not Tonight 2,6585
Expansion - Crusader Kings II: Horse Lords,7445
Touhou Artificial Dream in Arcadia,6662
PAYDAY 2: Winter Ghosts Tailor Pack,6813
X-Blades,7941
Swarm Simulator: Evolution,0
The Black Watchmen,0
Á•ûÈÉΩ‰∏çËâØÊé¢ Underdog Detective,0
Â§©ÂëêÔºÅÊâæ‰∏çÂà∞ÁúüÁà±Â∞±ÊâëË°óÔºÅ,7629
Roguelands,6868
Titan Quest: Ragnar√∂k,4140
Sword and Fairy 3 Ex,8748
My Time at Sandrock - Colecci√≥n calor estival 3,7819
The Sinking City - Investigator Pack,7500
Myth of Empires - Musical Instruments Pack,7504
Last Command,7100
The Legend of Heroes: Trails of Cold Steel III,8648
Thronebreaker: The Witcher Tales,6743
Sands of Salzaar - The Ember Saga,7534
Expeditions: Conquistador,0
Armello - The Bandit Clan,7537
Hyperdimension Neptunia Re;Birth1,6796
Dark Deception Chapter 4,7477
Hello Charlotte EP3: Childhood's End,8720
Fell Seal: Arbiter's Mark - Missions and Monsters,8336
Âú∞Áâ¢100,0
Archvale,0
Stick RPG 2: Director's Cut,5502
Defender's Quest: Valley of the Forgotten (DX edition),0
PAYDAY 2: Gage Historical Pack,7610
Grim Dawn - Steam Loyalist Items Pack 2,5873
Kunoichi Botan,5162
Shin Megami Tensei V: Vengeance - Danza mitama de EXP,6547
Angels with Scaly Wings‚Ñ¢ / È±óÁæΩ„ÅÆÂ§©‰Ωø,0
Skye: The Misty Isle,0
Battle Bands: Rock & Roll Deckbuilder,0
Progeria: Vae Victis,0
Aiyana,0
Risk of Rain (2013),0
SD GUNDAM BATTLE ALLIANCE - Mobile Suit Gundam: The Witch from Mercury Pack,8242
Golden Treasure: The Great Green,0
Âè¨Âî§‰πãÁéã (Supreme Summoner),0
Fallout New Vegas¬Æ: Gun Runners‚Äô Arsenal‚Ñ¢,9066
Fate/EXTELLA,0
PAYDAY 2: Tailor Pack 3,7575
You are the Judge!,7513
Vagrus - The Riven Realms Sunfire and Moonshadow,0
Bloodwash,0
Omerta - City of Gangsters,9079
Stellar Tactics,7396
Tom Clancy's The Division‚Ñ¢ - Underground,8893
PAYDAY 2: Weapon Color Pack 1,8036
Expansion - Crusader Kings II: Conclave,7636
The Legend of Heroes: Trails of Cold Steel II,7578
HAELE 3D - Hand Poses Lite - Drawing References,6665
Faye Falling,0
Êù±ÊñπËíºÁ•ûÁ∏ÅËµ∑V,0
ÂêûÈ£üÂ≠îÊòé‰º† Tunshi Kongming Legends,0
Black & White,7538
Shenmue I & II,0
Dark Hero Party,0
Legend of Keepers: Career of a Dungeon Manager,5403
Forgotten Realms: The Archives - Collection One,7685
Paper Dolls 2 Á∫∏‰∫∫Ë¥∞,0
Home Behind 2,9074
ÈÉ®ËêΩ‰∏éÂºØÂàÄ - ËÉßÂ¢É‰πãÂÜ¨,8357
Zenith: Nexus,0
Á∫∏Â´ÅË°£2Â•òÈìÉÊùë,0
Grub Truck,7560
Let Bions Be Bygones,0
Â∞ëÂ•≥ÊàòÂú∫,0
Demon Slayer Shion,0
LISA the Joyful,6531
Tyranny - Bastard's Wound,0
Tales of Arise - Paquete de atuendos de personajes cl√°sicos y m√∫sica de fondo con arreglos,0
Tales of Vesperia: Definitive Edition,8020
Assassin's Creed¬Æ Origins - Deluxe Pack,6587
These Thieving Hearts,7738
Calico,8223
Secrets of Magonia,7251
Vay,8627
WORLD OF FINAL FANTASY¬Æ MAXIMA Upgrade,6535
ELEX,7194
È£õÂ§©Ê≠∑Èö™2024(Dream Of Mirror Online),4164
Pase de legado de SMITE,5505
Alina of the Arena,5324
Áõ∏‰∫≤ÊîªÁï•‰πãÂÆùË¥ùÂà´ÂÜçÈÄâÊàë‰∫Ü,8823
Digital Dungeon Tiles,7743
PAYDAY 3: Boys in Blue Weapon Pack,0
Escape from Fortress Lugohm,8172
Mask of the Rose,6845
Candleman: The Complete Journey,7486
EARTHLOCK,0
Harvest Days: My Dream Farm,7987
Original War,7512
Expeditions: Rome - Death or Glory,7761
PAYDAY 2: Biker Character Pack,7733
Sands of Salzaar - The Tournament,7766
UNDERTALE Soundtrack,8536
Tru Or Die,0
Apex Heroines,0
Dragon's Dogma 2: Portacristal - Marcador de locaci√≥n de transportaci√≥n,7795
Glorious Companions,0
Dust to the End,7535
Tales of Symphonia,8723
Swords 'n Magic and Stuff,8118
PickCrafter,7386
ÂøÉÂä®Êª°Â±ã,0
Force of Nature 2: Ghost Keeper,8308
Touhou: New World,6690
hackmud,7334
Dying Light 2 Stay Human: Hakon Bundle,6752
The Tarnishing of Juxtia,0
Undernauts: Labyrinth of Yomi,4840
Atomic Heart - Labor & Science Weapon Skin Pack,6810
Railroads & Catacombs,6087
The Dead End,0
Island of Penance,6517
Conqueror's Blade - Pack Deluxe Legi√≥n de Asedio,7869
Persona 3 Reload - Paquete de Personas de P5R 2,6128
INSOMNIA: The Ark,6254
Sylphy and the Sleepless Island,7015
EA SPORTS‚Ñ¢ PGA TOUR‚Ñ¢ Deluxe Upgrade,7883
WorkPlaceRhapsody-Beach,7462
GunSoul Girl 2,8157
„ÄäÊñáÂ≠óÈÅäÊà≤„Äã,0
Auralux: Constellations,0
Goblin Conqueror,8602
Flintlock ‚Äì Deluxe Edition Upgrade,0
Vagrus ‚Äì The Riven Realms Old Acquaintances,0
WrestleQuest,4229
My Time at Sandrock - Colecci√≥n calor estival 2,7615
ÊµÆÁîüÁÆì2Ôºö‰πù‰πùË°åÊ≠å Floating Life 2,7658
Monster Harvest,7492
DRAGON QUEST HEROES‚Ñ¢ Slime Edition,6213
Moonlighter: Between Dimensions,0
My Time at Sandrock - Colecci√≥n estelar 2,7454
My Time at Sandrock - Colecci√≥n calor estival 1,7283
Armello - The Dragon Clan,0
Dungeon Defender II - Celestial Vault Pack,4289
Kingdom Come: Deliverance ‚Äì Treasures of The Past,0
Wasteland 2: Director's Cut,6782
Extremely Powerful Capybaras,0
The Fall of the Dungeon Guardians - Enhanced Edition,8740
„ÇÜ„Çâ„ÅéËçò„ÅÆÂπΩÂ•à„Åï„Çì ÊπØ„Åë„ÇÄ„ÇäËø∑ÂÆÆ Ê•µ„Åø,0
Wurm Unlimited,7911
The Legend of Heroes: Zero no Kiseki KAI,0
PAYDAY 2: Gage Assault Pack,7548
Risen 2: Dark Waters,6960
Card Shark,0
Fantasy Grounds - D&D Xanathar's Guide to Everything,0
Aliens: Fireteam Elite - Wey-Yu Armoury,7966
My Time at Sandrock - Colecci√≥n estelar 3,7340
Obscurite Magie: The Blood of Kings,0
ÈôçÂ¶ñÊï£ËÆ∞,7996
Messy Up,7419
Closers,8289
Freeman: Guerrilla Warfare,0
South Park‚Ñ¢: The Fractured But Whole‚Ñ¢ - Bring The Crunch,0
Slime 3K: Rise Against Despot,6964
Lords of the Fallen - Dark Crusader Starting Class,8014
The Pioneers: Surviving Desolation,6693
Atelier Lydie & Suelle: The Alchemists and the Mysterious Paintings DX,7596
Hero Siege - Gates of Valhalla Collector's Edition (Expansion Set),0
Eternal Dread 3,0
Mercenaries Blaze,7566
Crisis in the Kremlin,0
Frozen Flame,0
Gleaner Heights,0
BLUE REFLECTION: Second Light,8321
Seed of Evil,8921
Granblue Fantasy: Relink - Paquete deslimitador de armas 2,9002
Lost2,0
Blossom Tales: The Sleeping King,0
Komorebi,0
FOR HONOR‚Ñ¢ - Highlander Hero Skin - Oathbreaker Maddox,8077
Steven Universe: Desata la luz,4272
‰Ω†Â∑≤ÁªèÁåúÂà∞ÁªìÂ±Ä‰∫ÜÂêó,7840
ËôöÊûÑÊú™Êù•ÔºàImaginary futureÔºâ,0
Ê∂àÈò≤ÂëòÂ∫∑Á∫≥ - Firefighter Connor,8037
Minako: Beloved Wife in the Countryside,0
Reigns,0
Rhapsody: A Musical Adventure,0
The Banner Saga 3,0
Acolyte of the Altar,0
Moon Hunters,8359
Brookhaven Grimoire,0
ONE PIECE: PIRATE WARRIORS 4 paquete de One Piece Film: Red,8122
South Park‚Ñ¢: The Fractured But Whole‚Ñ¢ - From Dusk Till Casa Bonita,0
Lilipalace,7414
Gauntlet - Lilith the Necromancer Pack,0
Cataclysm: Dark Days Ahead,4792
Adventure Time: Finn and Jake's Epic Quest,0
My Time at Sandrock - Colecci√≥n estelar 1,6745
Dungeons & Dragons: Krynn Series,8853
Battle Chef Brigade Deluxe,0
The Letter - Horror Visual Novel,7874
Three Kingdoms Zhao Yun,7810
Tabletopia,0
Children of Morta: Ancient Spirits,6985
Discovery Tour by Assassin‚Äôs Creed¬Æ: Ancient Egypt,8930
Sun Haven: Spirit Petal Pack,7218
Journeys in Middle-earth - Haunting of Dale,8183
‰∫ëÂ≤ö‰πùÊ≠å,0
How a Retired Strategist Saved the Country,8857
Granblue Fantasy: Relink - Paquete de mejora de insignias 2,0
Ëø∑Ëµ∞:‰∫åÂæãËÉåÂèç,7654
Crypt of the NecroDancer: Hatsune Miku Character DLC,7937
Jimmy and the Pulsating Mass,0
CrossCode: A New Home,8323
Athenian Rhapsody,6534
Time Warpers,8544
Sea Dogs: To Each His Own,7144
Hexen: Beyond Heretic,8872
Ultra Age,0
Crypt of the NecroDancer: AMPLIFIED,7980
È£é‰ø°Ê•º,0
Cyber Manhunt - Hello World,8210
Ludus,8167
SpellForce 3 Soul Harvest,8222
Seek Girl:Fog ‚Ö†,0
Craft The World - Heart of Evil,8225
"Bloodstained: Ritual of the Night - ""Iga's Back Pack"" DLC",0
Gothic¬Æ 3,5846
Royal Revolt II,6922
Windward,6893
Wantless : Solace at World‚Äôs End,0
Plushie from the Sky,0
FatalZone,7364
Slave's Sword 2,7684
Á∫∏Â´ÅË°£,8619
Songs for a Hero - Definitive Edition,0
Dungeon Munchies,8046
Sun Haven: Mushy Pack,0
Mary Skelter Finale,8584
Sword Art Online: Integral Factor,4413
The Forest of Drizzling Rain,0
"Warhammer¬Æ 40,000: Dawn of War¬Æ II Chaos Rising",5813
Sword and Fairy 4,0
Scarlet Tower,7412
AKIBA'S TRIP: Undead ÔºÜ Undressed,7588
Heroes of Hammerwatch: Witch Hunter,8343
È£ûË∂ä13Âè∑Êàø - ‰∏ãÔºöÂèçÂáªÁØá,6374
Pesterquest,0
Gurumin: A Monstrous Adventure,0
No Time,7523
Tales of Maj'Eyal - Embers of Rage,7873
River City Girls,0
DRAGON QUEST HEROES‚Ñ¢ II,0
Minecraft Dungeons: pase de aventura de Noche luminosa,0
Royal Order,5285
Changed-OST,8488
TRATRITLE,0
Granblue Fantasy: Relink - Paquete de mejora de insignias 1,8368
PAYDAY 2: Weapon Color Pack 2,8801
Moonstone Island Arcane Artifacts DLC Pack,8585
Granblue Fantasy: Relink - Paquete de superaci√≥n personal 1,8374
Dawnlands,6969
SteamWorld Quest: Hand of Gilgamech,0
Ê∞∏ÊÅíÂπªÂ¢É Eternal Dreamland,0
Love Esquire - RPG/Dating Sim/Visual Novel,0
Villagers and Heroes,5844
SINNER: Sacrifice for Redemption,8006
GOMA AYAKAZE,0
Expedition Agartha,0
Dreadhalls,0
3030 Deathwar Redux - A Space Odyssey,7709
Shoppe Keep 2,8421
UnheardÁñëÊ°àËøΩÂ£∞ - ÈªëÈù¢ËßÇÈü≥,6408
Mato Anomalies,0
Disciples II: Gallean's Return,9078
Kingpin: Reloaded,0
The Red Lantern,5998
Mutant Year Zero: Seed of Evil,7962
Wayhaven Chronicles: Book Three,0
Poker Quest: Swords and Spades,0
Ni no Kuni‚Ñ¢ II: Revenant Kingdom,3901
The Monstrous Horror Show,0
SAMURAI WARRIORS 4-II,8152
Battle Brothers - Fangshire Helm,6050
Dungeons & Dragons: Dark Sun Series,7505
STORY OF SEASONS: Pioneers of Olive Town - Expansion Pass,8469
Princess of Zeven,7850
Yokai's Secret,8135
Kurone's Feelings,8076
Arcadian Atlas,0
Journeys in Middle-earth - Poison Promise,8493
Finnish Army Simulator,0
Tales of Maj'Eyal - Forbidden Cults,7665
Death of a Wish,0
Disco Elysium - Soundtrack and Artbooklet,0
Assassin's Creed¬Æ Valhalla - Wrath of the Druids,6689
Wooden Ocean,0
ELEX II,6619
Hero Siege - Butcher Class,7863
The Heroes around Me,0
SteamWorld Dig 2,0
Barony Extended Soundtrack by Chris Kukla,8534
‰ªñ‰∫∫‰∏ñÁïåÊú´ On-looker,0
Journeys in Middle-earth - Hunt for the Ember Crown,0
Panic Room. Casa de los secretos.,0
VenusBlood FRONTIER International,8437
The Wild Eight - Supporter Pack,8697
‰∏úÊñπÂ§úÈõÄÈ£üÂ†ÇDLC2.5Êâ©Â±ïÂåÖ - Áà±‰πêËÄÖÁöÑÊåëÊàòËµõÔºÅ,8566
The Banner Saga 2,5834
Heroes of Steel RPG,0
Crystarise,0
A Long Journey to an Uncertain End,8572
ÂèçËΩ¨21ÂÖã,8186
Burrow of the Fallen Bear: A Gay Furry Visual Novel,6840
Magicmaker,0
RPG Maker MZ - Fantasy Music Pack Vol 1,0
Vigil: The Longest Night,0
Hand of Doom,8978
The Test,8709
Shadowrun Returns Deluxe DLC,0
Red Solstice 2: Survivors - Season Pass,8623
Sorcery! Parts 1 and 2,0
Legend of Mana,0
‰πùÂ∑ûÊàòÊ≠å,9128
Cyber Manhunt - Home Sweet Home,8209
ENDLESS‚Ñ¢ Legend - Inferno,7616
Vampire: The Masquerade ‚Äî Night Road,8988
Sky Clash: Lords of Clans 3D,0
Strain Tactics,0
Curious Expedition 2 - Shores of Taishi,7939
Delver,0
ÈÅìË°çËØÄ,0
Singularity Survivors,5283
Fallout 3 - Broken Steel,0
Fatermyth,9137
SpellForce - Platinum Edition,5811
SKYHILL,8810
Persona 3 Reload - Persona 4 Golden Persona Set,8379
My Time At Portia - Player Costume Package,8686
Magicite,0
Doom Sweeper,0
Bastion,5689
Stigmata of Sacrilege,7676
Ninja Village,6280
STAR OCEAN‚Ñ¢ - THE LAST HOPE -‚Ñ¢ 4K & Full HD Remaster,7984
Warlords Battlecry III,6392
Cloudpunk - City of Ghosts,6649
Dex,8448
Myths of Rules,0
Siege of Avalon: Anthology,0
‰∏âÂõΩÁæ§Ëã±‰º†5,0
Moonlight In Garland,0
Rise of the Argonauts,0
Loretta's Brand-New Job,8180
Monster Hunter Rise - Voz: Cambios de humor,8938
Neverwinter Nights: Darkness Over Daggerford,8768
CryoFall,0
Wedding Witch - Artbook,8783
Á∫∏Â´ÅË°£4Á∫¢‰∏ùÁº†,9082
Marvel's Guardians of the Galaxy,4161
Patrician III,6438
Eternal Escape: castle of shadows,0
Lost Eidolons - Artbook & World Map,7440
Kanna Maze,8030
The Guild II Renaissance,7767
Clash: Artifacts of Chaos,0
West Sweety,0
Bless Unleashed - New Frontier Pack,8838
Country Girl Keiko,7273
The Legend of Bum-Bo,0
Project MIKHAIL: A Muv-Luv War Story,0
Crossroads Inn Anniversary Edition,7644
Trinity Survivors,8540
PAYDAY 3: Boys in Blue Heist,6883
The Legend of Heroes: Trails of Cold Steel IV - Swimsuit Bundle,0
Divinity Chronicles: Journey to the West,0
Ê∞∏ËøúÊ∂àÂ§±ÁöÑÂπªÊÉ≥‰π° ÔΩû The Disappearing of Gensokyo,0
Dying Light 2 Stay Human: Gunslinger Bundle,8615
The Lost Village - (Fantasy) Ê¨°ÂÖÉÂÖ•‰æµÊâ©Â±ïÂåÖ,6680
Legends of Eisenwald,7289
Roguebook,9000
Sword Art Online: Lost Song,8197
Chroma Squad,0
Block Story‚Ñ¢,8529
Magical Swordmaiden,0
DR LIVESEY ROM AND DEATH EDITION,8069
Wasteland 3: Cult of the Holy Detonation,8128
Trapped on Monster Island,8517
Virgo Versus The Zodiac,0
Neon Abyss - Alter Ego,6514
Styx: Master of Shadows,0
Holy Knight Luviria,5528
Shiren the Wanderer: The Tower of Fortune and the Dice of Fate,8495
The Quest,0
Core Crossing,0
Dungeons 2,0
Moonstone Island Designed for Lovers DLC Pack,0
Nadir: A Grimdark Deckbuilder,0
Moonstone Island Decor Galore DLC Pack,0
King of Dragon Pass,0
Á•ûÈÉΩ‰∏çËâØÊé¢ Underdog Detective-Á¨¨6Ëá≥17Âõû,0
Dying Light - Van Crane Bundle,0
Comienza un huevo,0
Expansion - Crusader Kings II: Charlemagne,5767
Ostalgie: The Berlin Wall,0
The Monster Breeder,0
Banishers: Ghosts of New Eden - Wanderer Set DLC,8350
Destiny Online,8809
Dragon's Dogma 2: 2500 Cristales de la fisura - Puntos para gastar m√°s all√° de la fisura (A),9058
Farmer's Dynasty - Potatoes & Beets,9065
Á•ûÁÅµÁü≥‰πãÂä´ Tales of Spark,6986
Ys Origin,0
Dredgers,6233
Conqueror's Blade - Pack Legi√≥n de Asedio,9073
Dust: An Elysian Tail,0
Dead Effect 2,0
Legend of Grimrock,9136
Enelia: Dawn of Madness,7929
Kingsvein,6143
Don't Bite Me Bro! +,0
Detective Hayseed - Hollywood,0
Pixel Town: Akanemachi Sideshow,0
Aliens: Fireteam Elite - Endeavor Veteran Pack,9116
ÊàëÊù•Ëá™Ê±üÊπñ From Jianghu,8300
Dragon Princess is Hungry,8466
Hiveswap Friendsim,0
Tales of Zestiria,0
Gothic 3: Forsaken Gods Enhanced Edition,0
Hell is Others,0
Terraria: Official Soundtrack,8370
